날짜,공휴일,날씨,유료합계,어른,청소년,어린이,외국인,단체,무료합계,총계,연,월,일,요일
2016-01-01,O,구름 조금,3359,2799,141.0,419,47,0,1023,4382,2016,1,1,4
2016-01-02,O,구름 많음,5173,4370,203.0,600,100,111,2092,7265,2016,1,2,5
2016-01-03,O,구름 많음,3008,2571,128.0,309,91,0,1549,4557,2016,1,3,6
2016-01-04,X,구름 많음,890,602,,235,51,223,800,1690,2016,1,4,0
2016-01-05,X,구름 많음,416,319,35.0,62,43,47,840,1256,2016,1,5,1
2016-01-06,X,구름 조금,367,277,41.0,49,34,0,807,1174,2016,1,6,2
2016-01-07,X,맑음,309,250,23.0,36,13,0,735,1044,2016,1,7,3
2016-01-08,X,구름 조금,315,251,28.0,36,30,0,611,926,2016,1,8,4
2016-01-09,O,구름 많음,1418,1227,78.0,113,47,80,1222,2640,2016,1,9,5
2016-01-10,O,구름 많음,2211,1839,96.0,276,34,61,1393,3604,2016,1,10,6
2016-01-11,X,구름 조금,368,268,40.0,60,23,0,628,996,2016,1,11,0
2016-01-12,X,구름 조금,862,531,27.0,304,12,614,780,1642,2016,1,12,1
2016-01-13,X,구름 많음,240,192,21.0,27,24,0,767,1007,2016,1,13,2
2016-01-14,X,구름 조금,252,200,37.0,15,13,5,620,872,2016,1,14,3
2016-01-15,X,구름 조금,339,253,35.0,51,14,0,708,1047,2016,1,15,4
2016-01-16,O,구름 많음,1720,1395,97.0,228,23,167,1277,2997,2016,1,16,5
2016-01-17,O,흐림,2313,1954,94.0,265,9,30,1135,3448,2016,1,17,6
2016-01-18,X,구름 많음,216,162,29.0,25,9,0,592,808,2016,1,18,0
2016-01-19,X,맑음,78,61,9.0,8,13,0,222,300,2016,1,19,1
2016-01-20,X,맑음,82,69,7.0,6,17,0,340,422,2016,1,20,2
2016-01-21,X,구름 많음,153,119,15.0,19,3,0,474,627,2016,1,21,3
2016-01-22,X,구름 조금,128,81,32.0,15,6,0,458,586,2016,1,22,4
2016-01-23,O,구름 조금,296,198,80.0,18,6,71,594,890,2016,1,23,5
2016-01-24,O,구름 조금,128,110,9.0,9,23,0,196,324,2016,1,24,6
2016-01-25,X,맑음,72,58,10.0,4,5,0,350,422,2016,1,25,0
2016-01-26,X,눈,150,123,11.0,16,10,0,608,758,2016,1,26,1
2016-01-27,X,구름 조금,394,287,61.0,46,29,0,824,1218,2016,1,27,2
2016-01-28,X,구름 많음,370,290,46.0,34,9,0,776,1146,2016,1,28,3
2016-01-29,X,흐림,1074,663,50.0,361,46,571,703,1777,2016,1,29,4
2016-01-30,O,구름 조금,2655,2266,146.0,243,72,0,1473,4128,2016,1,30,5
2016-01-31,O,구름 조금,1510,1304,57.0,149,28,0,1074,2584,2016,1,31,6
2016-02-01,X,맑음,3238,188,3033.0,17,18,3000,508,3746,2016,2,1,0
2016-02-02,X,맑음,2199,166,2023.0,10,8,2000,728,2927,2016,2,2,1
2016-02-03,X,구름 조금,296,264,23.0,9,32,0,834,1130,2016,2,3,2
2016-02-04,X,구름 조금,371,319,31.0,21,28,0,749,1120,2016,2,4,3
2016-02-05,X,구름 조금,304,234,41.0,29,14,0,536,840,2016,2,5,4
2016-02-06,O,맑음,1082,924,53.0,105,40,0,976,2058,2016,2,6,5
2016-02-07,O,맑음,1452,1251,74.0,127,191,0,676,2128,2016,2,7,6
2016-02-08,O,구름 많음,2654,2286,123.0,245,429,0,567,3221,2016,2,8,0
2016-02-09,O,맑음,5453,4610,223.0,620,209,0,1607,7060,2016,2,9,1
2016-02-10,O,맑음,7080,6037,251.0,792,141,0,2869,9949,2016,2,10,2
2016-02-11,X,구름 많음,2077,1545,113.0,419,98,671,1021,3098,2016,2,11,3
2016-02-12,X,비,97,74,17.0,6,0,0,260,357,2016,2,12,4
2016-02-13,O,흐림,1609,1401,41.0,167,54,45,1133,2742,2016,2,13,5
2016-02-14,O,흐림,1053,862,83.0,108,63,0,989,2042,2016,2,14,6
2016-02-15,X,맑음,250,194,,29,39,0,446,696,2016,2,15,0
2016-02-16,X,구름 많음,235,178,25.0,32,40,0,759,994,2016,2,16,1
2016-02-17,X,맑음,579,440,93.0,46,21,0,850,1429,2016,2,17,2
2016-02-18,X,구름 많음,698,529,83.0,86,68,0,924,1622,2016,2,18,3
2016-02-19,X,구름 많음,737,555,98.0,84,26,0,893,1630,2016,2,19,4
2016-02-20,O,구름 조금,4718,3926,193.0,599,45,73,1908,6626,2016,2,20,5
2016-02-21,O,맑음,3507,2911,157.0,439,89,0,1595,5102,2016,2,21,6
2016-02-22,X,흐림,693,522,74.0,97,8,0,705,1398,2016,2,22,0
2016-02-23,X,구름 많음,815,559,106.0,150,32,65,911,1726,2016,2,23,1
2016-02-24,X,맑음,542,371,82.0,89,19,33,791,1333,2016,2,24,2
2016-02-25,X,구름 조금,723,524,80.0,119,15,0,815,1538,2016,2,25,3
2016-02-26,X,구름 조금,1375,992,194.0,189,19,69,1144,2519,2016,2,26,4
2016-02-27,O,구름 많음,4798,3990,197.0,611,0,175,1721,6519,2016,2,27,5
2016-02-28,O,구름 많음,3366,2748,153.0,465,51,0,1604,4970,2016,2,28,6
2016-02-29,X,구름 조금,674,476,92.0,106,27,0,559,1233,2016,2,29,0
2016-03-01,O,맑음,2937,2450,198.0,289,31,104,1570,4507,2016,3,1,1
2016-03-02,X,구름 조금,1171,878,21.0,272,8,605,975,2146,2016,3,2,2
2016-03-03,X,흐림,733,721,2.0,10,20,0,1050,1783,2016,3,3,3
2016-03-04,X,흐림,1629,1572,16.0,41,2,63,1154,2783,2016,3,4,4
2016-03-05,O,흐림,568,495,12.0,61,10,0,837,1405,2016,3,5,5
2016-03-06,O,구름 많음,8797,7669,219.0,909,108,0,2767,11564,2016,3,6,6
2016-03-07,X,구름 많음,705,683,5.0,17,21,0,775,1480,2016,3,7,0
2016-03-08,X,,10480,465,10007.0,8,8,10000,1041,11521,2016,3,8,1
2016-03-09,X,,393,384,2.0,7,41,0,862,1255,2016,3,9,2
2016-03-10,X,,294,283,0.0,11,14,30,890,1184,2016,3,10,3
2016-03-11,X,,1569,975,12.0,582,21,1209,736,2305,2016,3,11,4
2016-03-12,O,흐림,5251,4427,171.0,653,55,86,2209,7460,2016,3,12,5
2016-03-13,O,흐림,4557,3897,125.0,535,87,100,1795,6352,2016,3,13,6
2016-03-14,X,구름 많음,1215,1175,10.0,30,57,0,1170,2385,2016,3,14,0
2016-03-15,X,맑음,1238,1205,10.0,23,53,41,1303,2541,2016,3,15,1
2016-03-16,X,구름 조금,1513,1465,7.0,41,40,0,1184,2697,2016,3,16,2
2016-03-17,X,구름 조금,1342,1270,37.0,35,36,62,1187,2529,2016,3,17,3
2016-03-18,X,흐림,1736,1663,13.0,48,29,0,1100,2836,2016,3,18,4
2016-03-19,O,구름 조금,26448,22735,422.0,2990,112,178,6683,33131,2016,3,19,5
2016-03-20,O,구름 조금,27093,22947,535.0,3370,176,0,7267,34360,2016,3,20,6
2016-03-21,X,맑음,2358,2223,14.0,70,58,0,1179,3537,2016,3,21,0
2016-03-22,X,구름 조금,1832,1755,20.0,41,74,53,1506,3338,2016,3,22,1
2016-03-23,X,구름 조금,1553,1365,58.0,69,22,57,1234,2787,2016,3,23,2
2016-03-24,X,맑음,1322,1223,37.0,61,50,63,1116,2438,2016,3,24,3
2016-03-25,X,구름 조금,1999,1705,79.0,85,65,38,1292,3291,2016,3,25,4
2016-03-26,O,맑음,16958,14114,408.0,2094,192,62,4790,21748,2016,3,26,5
2016-03-27,O,맑음,23610,20041,487.0,2860,205,60,6879,30489,2016,3,27,6
2016-03-28,X,맑음,2666,2477,85.0,86,97,131,1470,4136,2016,3,28,0
2016-03-29,X,구름 많음,1133,1013,29.0,91,47,62,1115,2248,2016,3,29,1
2016-03-30,X,구름 많음,3740,2135,1195.0,341,70,1834,1117,4857,2016,3,30,2
2016-03-31,X,구름 많음,3174,2494,406.0,152,100,393,1584,4758,2016,3,31,3
2016-04-01,X,맑음,5730,4131,1210.0,274,47,1158,1807,7537,2016,4,1,4
2016-04-02,O,구름 조금,31407,26605,561.0,3643,169,201,6380,37787,2016,4,2,5
2016-04-03,O,흐림,8038,6498,347.0,959,141,785,1914,9952,2016,4,3,6
2016-04-04,X,구름 조금,4515,4219,52.0,188,59,105,2298,6813,2016,4,4,0
2016-04-05,X,맑음,4652,4278,75.0,116,79,343,2800,7452,2016,4,5,1
2016-04-06,X,구름 조금,5973,4467,1202.0,252,50,1928,3059,9032,2016,4,6,2
2016-04-07,X,비,2863,2638,117.0,69,72,379,2150,5013,2016,4,7,3
2016-04-08,X,구름 조금,7731,5984,1187.0,232,94,1730,3639,11370,2016,4,8,4
2016-04-09,O,구름 많음,25027,20664,825.0,2840,226,214,7852,32879,2016,4,9,5
2016-04-10,O,구름 많음,26912,22441,936.0,3192,446,176,6227,33139,2016,4,10,6
2016-04-11,X,맑음,7948,5223,2145.0,424,97,2583,3365,11313,2016,4,11,0
2016-04-12,X,구름 많음,7146,4595,2101.0,289,89,3684,4882,12028,2016,4,12,1
2016-04-13,O,비,20915,17011,708.0,2795,172,97,5490,26405,2016,4,13,2
2016-04-14,X,구름 많음,4129,2683,778.0,444,125,1814,2950,7079,2016,4,14,3
2016-04-15,X,맑음,9746,4904,2614.0,2028,115,6692,4482,14228,2016,4,15,4
2016-04-16,O,구름 많음,10410,8454,268.0,1331,162,549,3744,14154,2016,4,16,5
2016-04-17,O,구름 많음,11445,9618,278.0,1335,160,90,2760,14205,2016,4,17,6
2016-04-18,X,구름 조금,3322,2591,17.0,387,64,660,2540,5862,2016,4,18,0
2016-04-19,X,구름 조금,8972,2721,5064.0,1087,26,6926,3079,12051,2016,4,19,1
2016-04-20,X,,2562,1890,10.0,567,76,1854,3931,6493,2016,4,20,2
2016-04-21,X,,2245,966,57.0,1155,19,1482,1244,3489,2016,4,21,3
2016-04-22,X,,4562,2971,208.0,1158,23,4091,5232,9794,2016,4,22,4
2016-04-23,O,,10921,8874,155.0,1383,220,996,3440,14361,2016,4,23,5
2016-04-24,O,,15883,13281,217.0,2019,516,748,3759,19642,2016,4,24,6
2016-04-25,X,맑음,16616,2564,10248.0,3649,75,15073,3363,19979,2016,4,25,0
2016-04-26,X,,6999,2805,2217.0,1849,61,5832,4100,11099,2016,4,26,1
2016-04-27,X,구름 많음,5318,3451,261.0,1233,56,4548,4017,9335,2016,4,27,2
2016-04-28,X,,4498,2821,421.0,1119,67,5376,6653,11151,2016,4,28,3
2016-04-29,X,,10245,4320,3724.0,1321,53,7273,4839,15084,2016,4,29,4
2016-04-30,O,,16831,13675,431.0,2050,343,1585,4905,21736,2016,4,30,5
2016-05-01,O,구름 조금,25630,21986,570.0,3074,399,367,5660,31290,2016,5,1,6
2016-05-02,X,구름 많음,6307,2712,57.0,3538,50,3626,1449,7756,2016,5,2,0
2016-05-03,X,,400,76,321.0,3,2,315,354,754,2016,5,3,1
2016-05-04,X,,7703,2649,4659.0,395,139,5942,3312,11015,2016,5,4,2
2016-05-05,O,,40219,38511,1708.0,0,476,35,18469,58688,2016,5,5,3
2016-05-06,O,비,6211,4764,416.0,1031,61,0,1951,8162,2016,5,6,4
2016-05-07,O,,20749,16823,1083.0,2843,303,221,5863,26612,2016,5,7,5
2016-05-08,O,구름 조금,15538,13315,571.0,1652,409,97,4181,19719,2016,5,8,6
2016-05-09,X,구름 많음,4644,2403,1823.0,418,24,2296,2239,6883,2016,5,9,0
2016-05-10,X,,1456,330,781.0,345,3,1365,802,2258,2016,5,10,1
2016-05-11,X,,3842,2654,813.0,375,61,2647,3970,7812,2016,5,11,2
2016-05-12,X,,11455,5174,3651.0,2630,91,11190,5560,17015,2016,5,12,3
2016-05-13,X,,11619,3870,6565.0,1184,87,10016,5917,17536,2016,5,13,4
2016-05-14,O,구름 조금,27074,23106,743.0,3225,262,415,6805,33879,2016,5,14,5
2016-05-15,O,구름 많음,10528,8826,364.0,1338,212,231,3957,14485,2016,5,15,6
2016-05-16,X,,2821,2451,30.0,340,72,1026,2601,5422,2016,5,16,0
2016-05-17,X,맑음,4086,3392,23.0,671,120,2199,4337,8423,2016,5,17,1
2016-05-18,X,,3373,2629,119.0,625,68,2343,4194,7567,2016,5,18,2
2016-05-19,X,맑음,5075,2497,2063.0,515,30,5026,4992,10067,2016,5,19,3
2016-05-20,X,맑음,17709,2909,13147.0,1653,103,17416,6267,23976,2016,5,20,4
2016-05-21,O,,18569,15551,513.0,2505,312,5595,5556,24125,2016,5,21,5
2016-05-22,O,,14802,12990,436.0,1376,390,308,4381,19183,2016,5,22,6
2016-05-23,X,,3040,2764,193.0,83,36,824,2767,5807,2016,5,23,0
2016-05-24,X,,3466,744,2631.0,91,63,2984,1377,4843,2016,5,24,1
2016-05-25,X,구름 많음,3711,3069,210.0,432,92,2491,4801,8512,2016,5,25,2
2016-05-26,X,구름 많음,5834,2620,3099.0,115,69,5220,5175,11009,2016,5,26,3
2016-05-27,X,,8394,4919,3098.0,377,145,5554,4980,13374,2016,5,27,4
2016-05-28,O,,21874,19064,646.0,2164,388,1819,8131,30005,2016,5,28,5
2016-05-29,O,흐림,23785,20954,776.0,2055,918,465,6756,30541,2016,5,29,6
2016-05-30,X,,4065,3846,41.0,178,228,389,2567,6632,2016,5,30,0
2016-05-31,X,,4643,3920,443.0,280,188,1790,4126,8769,2016,5,31,1
2016-06-01,X,,3946,3592,191.0,163,170,1093,3813,7759,2016,6,1,2
2016-06-02,X,,7097,4872,697.0,1528,77,4663,4195,11292,2016,6,2,3
2016-06-03,X,구름 조금,9236,4168,4882.0,186,163,5631,3641,12877,2016,6,3,4
2016-06-04,O,,26790,23308,727.0,2755,397,389,7012,33802,2016,6,4,5
2016-06-05,O,구름 조금,33504,28943,1079.0,3482,729,190,8239,41743,2016,6,5,6
2016-06-06,O,,31030,26358,1423.0,3249,498,392,8241,39271,2016,6,6,0
2016-06-07,X,흐림,4116,3086,424.0,606,178,1378,3217,7333,2016,6,7,1
2016-06-08,X,구름 많음,2868,2743,40.0,85,96,1023,3303,6171,2016,6,8,2
2016-06-09,X,구름 조금,2569,2231,286.0,52,57,993,2945,5514,2016,6,9,3
2016-06-10,X,,4809,2451,1705.0,653,161,3476,3201,8010,2016,6,10,4
2016-06-11,O,,12106,10669,288.0,1149,285,996,3678,15784,2016,6,11,5
2016-06-12,O,,10813,9668,243.0,902,339,157,3293,14106,2016,6,12,6
2016-06-13,X,,1967,1808,6.0,153,36,522,1917,3884,2016,6,13,0
2016-06-14,X,,1512,1355,8.0,149,88,466,2135,3647,2016,6,14,1
2016-06-15,X,,268,256,3.0,9,42,76,578,846,2016,6,15,2
2016-06-16,X,,2560,2417,21.0,122,66,1571,2012,4572,2016,6,16,3
2016-06-17,X,,2166,1900,35.0,231,87,843,2313,4479,2016,6,17,4
2016-06-18,O,,10133,8888,169.0,1076,191,375,3805,13938,2016,6,18,5
2016-06-19,O,,9586,8472,165.0,949,311,32,3353,12939,2016,6,19,6
2016-06-20,X,,2865,2239,28.0,598,91,94,1526,4391,2016,6,20,0
2016-06-21,X,,1230,1181,16.0,33,105,305,1537,2767,2016,6,21,1
2016-06-22,X,,579,508,43.0,28,51,104,1031,1610,2016,6,22,2
2016-06-23,X,,1792,1572,22.0,198,48,472,1872,3664,2016,6,23,3
2016-06-24,X,,668,629,6.0,33,45,110,837,1505,2016,6,24,4
2016-06-25,O,구름 많음,10213,9060,127.0,1026,141,123,3586,13799,2016,6,25,5
2016-06-26,O,,9464,8405,116.0,943,242,65,3788,13252,2016,6,26,6
2016-06-27,X,,1713,1603,42.0,68,72,90,1325,3038,2016,6,27,0
2016-06-28,X,,1420,1283,51.0,86,146,168,1198,2618,2016,6,28,1
2016-06-29,X,구름 많음,1318,1224,21.0,73,48,45,1120,2438,2016,6,29,2
2016-06-30,X,비,1202,1120,29.0,53,62,185,1155,2357,2016,6,30,3
2016-07-01,X,비,2000,1182,16.0,802,57,1675,712,2712,2016,7,1,4
2016-07-02,O,,6456,5707,71.0,678,170,0,2670,9126,2016,7,2,5
2016-07-03,O,흐림,8052,7175,61.0,816,253,0,2791,10843,2016,7,3,6
2016-07-04,X,비,205,179,5.0,21,65,0,472,677,2016,7,4,0
2016-07-05,X,,73,27,45.0,1,4,35,182,255,2016,7,5,1
2016-07-06,X,,984,807,92.0,85,31,0,859,1843,2016,7,6,2
2016-07-07,X,비,1044,851,64.0,129,106,103,991,2035,2016,7,7,3
2016-07-08,X,구름 조금,1645,1281,286.0,78,98,215,1453,3098,2016,7,8,4
2016-07-09,O,구름 조금,3526,3066,166.0,294,187,71,1933,5459,2016,7,9,5
2016-07-10,O,구름 많음,3137,2700,155.0,282,140,0,1551,4688,2016,7,10,6
2016-07-11,X,구름 많음,721,643,25.0,53,56,46,866,1587,2016,7,11,0
2016-07-12,X,비,10735,493,10208.0,34,81,10162,953,11688,2016,7,12,1
2016-07-13,X,구름 많음,3116,914,2134.0,68,53,2169,941,4057,2016,7,13,2
2016-07-14,X,구름 많음,1098,787,243.0,68,76,245,999,2097,2016,7,14,3
2016-07-15,X,흐림,2188,904,105.0,1179,70,30,924,3112,2016,7,15,4
2016-07-16,O,비,411,356,11.0,44,20,0,591,1002,2016,7,16,5
2016-07-17,O,흐림,7120,6192,178.0,750,242,0,2398,9518,2016,7,17,6
2016-07-18,X,구름 많음,1672,1502,49.0,121,125,67,1181,2853,2016,7,18,0
2016-07-19,X,구름 조금,1147,946,112.0,89,182,119,1120,2267,2016,7,19,1
2016-07-20,X,구름 많음,821,674,57.0,90,108,0,887,1708,2016,7,20,2
2016-07-21,X,구름 많음,925,745,90.0,90,63,0,914,1839,2016,7,21,3
2016-07-22,X,구름 많음,677,547,78.0,52,78,0,723,1400,2016,7,22,4
2016-07-23,O,흐림,2744,2367,130.0,247,211,30,1507,4251,2016,7,23,5
2016-07-24,O,비,3152,2654,152.0,346,251,0,1476,4628,2016,7,24,6
2016-07-25,X,구름 많음,1306,1011,99.0,196,83,33,726,2032,2016,7,25,0
2016-07-26,X,구름 많음,1023,821,82.0,120,17,0,837,1860,2016,7,26,1
2016-07-27,X,비,816,623,58.0,135,51,0,646,1462,2016,7,27,2
2016-07-28,X,구름 많음,1523,1192,105.0,226,135,0,860,2383,2016,7,28,3
2016-07-29,X,비,4763,1164,3048.0,551,74,3689,477,5240,2016,7,29,4
2016-07-30,O,비,4445,3708,206.0,531,259,64,1647,6092,2016,7,30,5
2016-07-31,O,구름 많음,3836,3295,164.0,377,378,115,1319,5155,2016,7,31,6
2016-08-01,X,비,3255,2623,180.0,452,374,30,1195,4450,2016,8,1,0
2016-08-02,X,흐림,3117,2495,155.0,467,286,129,1242,4359,2016,8,2,1
2016-08-03,X,구름 많음,1919,1566,105.0,248,205,0,1099,3018,2016,8,3,2
2016-08-04,X,구름 조금,1148,934,77.0,137,98,0,535,1683,2016,8,4,3
2016-08-05,X,구름 조금,1219,937,113.0,169,57,0,547,1766,2016,8,5,4
2016-08-06,O,구름 많음,2027,1632,193.0,202,180,106,1002,3029,2016,8,6,5
2016-08-07,O,구름 많음,1690,1411,99.0,180,127,0,896,2586,2016,8,7,6
2016-08-08,X,구름 많음,657,489,74.0,94,62,0,461,1118,2016,8,8,0
2016-08-09,X,구름 많음,637,474,57.0,106,122,0,551,1188,2016,8,9,1
2016-08-10,X,구름 많음,628,475,56.0,97,68,0,570,1198,2016,8,10,2
2016-08-11,X,구름 조금,642,471,62.0,109,89,0,464,1106,2016,8,11,3
2016-08-12,X,구름 조금,715,544,69.0,102,48,0,507,1222,2016,8,12,4
2016-08-13,O,구름 많음,2176,1760,107.0,309,128,76,1001,3177,2016,8,13,5
2016-08-14,O,비,4961,4327,171.0,463,142,1062,1198,6159,2016,8,14,6
2016-08-15,O,구름 많음,3300,2675,243.0,382,170,0,956,4256,2016,8,15,0
2016-08-16,X,구름 많음,910,704,64.0,142,68,96,518,1428,2016,8,16,1
2016-08-17,X,구름 조금,922,548,242.0,132,59,243,532,1454,2016,8,17,2
2016-08-18,X,구름 많음,10774,599,10023.0,152,91,10038,585,11359,2016,8,18,3
2016-08-19,X,구름 많음,4702,1150,3061.0,491,56,3810,643,5345,2016,8,19,4
2016-08-20,O,구름 많음,4039,3421,133.0,485,168,30,1429,5468,2016,8,20,5
2016-08-21,O,구름 많음,3086,2660,94.0,332,72,0,1343,4429,2016,8,21,6
2016-08-22,X,구름 많음,592,516,15.0,61,65,0,496,1088,2016,8,22,0
2016-08-23,X,비,534,450,13.0,71,36,0,612,1146,2016,8,23,1
2016-08-24,X,구름 많음,623,518,44.0,61,62,0,713,1336,2016,8,24,2
2016-08-25,X,구름 많음,591,536,11.0,44,40,42,698,1289,2016,8,25,3
2016-08-26,X,구름 많음,1532,1442,10.0,80,109,0,1043,2575,2016,8,26,4
2016-08-27,O,구름 조금,15075,13366,242.0,1467,145,139,3960,19035,2016,8,27,5
2016-08-28,O,구름 많음,13758,12114,231.0,1413,166,0,4460,18218,2016,8,28,6
2016-08-29,X,구름 많음,2472,2321,44.0,107,92,0,1164,3636,2016,8,29,0
2016-08-30,X,흐림,2102,1988,39.0,75,55,0,1280,3382,2016,8,30,1
2016-08-31,X,비,20396,44,75.0,20277,0,75,294,20690,2016,8,31,2
2016-09-01,X,비,1354,1224,69.0,61,35,258,1371,2725,2016,9,1,3
2016-09-02,X,구름 많음,1809,1501,211.0,97,50,226,1075,2884,2016,9,2,4
2016-09-03,O,흐림,14477,12693,233.0,1551,153,30,5503,19980,2016,9,3,5
2016-09-04,O,구름 많음,15554,13769,223.0,1562,155,0,4261,19815,2016,9,4,6
2016-09-05,X,구름 많음,1693,1480,142.0,71,140,161,1091,2784,2016,9,5,0
2016-09-06,X,구름 많음,1347,1191,131.0,25,62,258,1459,2806,2016,9,6,1
2016-09-07,X,구름 많음,1426,1176,25.0,225,42,489,1142,2568,2016,9,7,2
2016-09-08,X,비,786,669,7.0,110,37,185,931,1717,2016,9,8,3
2016-09-09,X,구름 많음,7616,1171,6242.0,203,13,6489,1249,8865,2016,9,9,4
2016-09-10,O,구름 많음,11978,10518,,1200,86,60,4088,16066,2016,9,10,5
2016-09-11,O,구름 많음,14362,12597,254.0,1511,156,95,5156,19518,2016,9,11,6
2016-09-12,X,구름 많음,2104,1672,90.0,342,34,92,872,2976,2016,9,12,0
2016-09-13,X,구름 많음,3060,2084,729.0,247,109,670,1303,4363,2016,9,13,1
2016-09-14,O,비,9390,8214,214.0,962,407,38,2322,11712,2016,9,14,2
2016-09-15,O,구름 조금,14638,12931,400.0,1307,806,0,3303,17941,2016,9,15,3
2016-09-16,O,구름 많음,25123,21780,583.0,2760,862,30,7596,32719,2016,9,16,4
2016-09-17,O,구름 많음,15467,13452,311.0,1704,242,0,4453,19920,2016,9,17,5
2016-09-18,O,구름 많음,16059,14286,298.0,1475,253,0,5501,21560,2016,9,18,6
2016-09-19,X,구름 많음,2046,1899,35.0,112,24,34,1314,3360,2016,9,19,0
2016-09-20,X,맑음,2211,1760,41.0,410,50,867,2236,4447,2016,9,20,1
2016-09-21,X,구름 많음,1679,1566,9.0,104,33,400,2146,3825,2016,9,21,2
2016-09-22,X,구름 조금,2098,1696,6.0,396,58,781,2467,4565,2016,9,22,3
2016-09-23,X,맑음,2677,2132,160.0,385,62,1386,3032,5709,2016,9,23,4
2016-09-24,O,구름 조금,16891,14652,216.0,2023,153,586,6656,23547,2016,9,24,5
2016-09-25,O,구름 많음,16647,14608,277.0,1762,69,237,4513,21160,2016,9,25,6
2016-09-26,X,구름 많음,2048,1807,25.0,216,35,316,1665,3713,2016,9,26,0
2016-09-27,X,비,610,179,0.0,431,12,449,873,1483,2016,9,27,1
2016-09-28,X,구름 많음,1343,1068,40.0,235,40,1118,2683,4026,2016,9,28,2
2016-09-29,X,구름 많음,2462,1919,152.0,391,50,1844,3124,5586,2016,9,29,3
2016-09-30,X,구름 많음,4248,2878,534.0,836,82,3097,3624,7872,2016,9,30,4
2016-10-01,O,구름 많음,20582,17842,294.0,2446,112,64,7112,27694,2016,10,1,5
2016-10-02,O,비,1057,866,36.0,155,18,0,800,1857,2016,10,2,6
2016-10-03,O,구름 조금,22425,19036,340.0,3049,196,326,8334,30759,2016,10,3,0
2016-10-04,X,맑음,14651,3315,10053.0,1283,124,10747,2574,17225,2016,10,4,1
2016-10-05,X,구름 조금,3210,2565,167.0,478,49,1839,1694,4904,2016,10,5,2
2016-10-06,X,구름 조금,5279,2363,949.0,1967,47,4179,3499,8778,2016,10,6,3
2016-10-07,X,구름 많음,4705,2415,1543.0,747,82,3551,3960,8665,2016,10,7,4
2016-10-08,O,흐림,12426,10773,342.0,1311,162,1013,4062,16488,2016,10,8,5
2016-10-09,O,맑음,17453,15187,416.0,1850,174,131,5593,23046,2016,10,9,6
2016-10-10,X,구름 조금,2942,2377,121.0,444,120,481,1671,4613,2016,10,10,0
2016-10-11,X,,5632,2100,1955.0,1577,99,4820,3762,9394,2016,10,11,1
2016-10-12,X,구름 조금,3085,2254,343.0,488,61,1635,2800,5885,2016,10,12,2
2016-10-13,X,구름 조금,4628,2691,1232.0,705,56,3421,4050,8678,2016,10,13,3
2016-10-14,X,맑음,7026,3276,3011.0,739,70,4956,4857,11883,2016,10,14,4
2016-10-15,O,구름 조금,17467,15081,448.0,1938,154,2135,6117,23584,2016,10,15,5
2016-10-16,O,흐림,6207,5275,186.0,746,119,246,2299,8506,2016,10,16,6
2016-10-17,X,구름 많음,3050,2484,67.0,499,116,580,2024,5074,2016,10,17,0
2016-10-18,X,구름 조금,4610,2653,1129.0,828,73,3100,3614,8224,2016,10,18,1
2016-10-19,X,,5019,2429,2005.0,585,68,3956,3662,8681,2016,10,19,2
2016-10-20,X,,4826,2668,1516.0,642,37,3128,3269,8095,2016,10,20,3
2016-10-21,X,구름 많음,7154,3167,3299.0,688,42,5695,4145,11299,2016,10,21,4
2016-10-22,O,흐림,21903,18212,762.0,2929,161,3984,6398,28301,2016,10,22,5
2016-10-23,O,구름 많음,11437,8950,539.0,1948,181,2988,2990,14427,2016,10,23,6
2016-10-24,X,구름 조금,6374,3075,3004.0,295,75,3234,2003,8377,2016,10,24,0
2016-10-25,X,구름 많음,1818,867,868.0,83,23,1119,773,2591,2016,10,25,1
2016-10-26,X,구름 많음,3228,2155,790.0,283,71,2438,3656,6884,2016,10,26,2
2016-10-27,X,구름 많음,4293,3290,487.0,516,55,2209,3008,7301,2016,10,27,3
2016-10-28,X,흐림,4337,2921,1038.0,378,61,2652,2201,6538,2016,10,28,4
2016-10-29,O,구름 많음,11549,9754,378.0,1417,116,786,3797,15346,2016,10,29,5
2016-10-30,O,맑음,13506,11576,386.0,1544,83,130,4200,17706,2016,10,30,6
2016-10-31,X,흐림,1135,1066,8.0,61,12,397,961,2096,2016,10,31,0
2016-11-01,X,맑음,873,792,22.0,59,46,222,1432,2305,2016,11,1,1
2016-11-02,X,구름 조금,5957,1081,7.0,4869,32,5430,1563,7520,2016,11,2,2
2016-11-03,X,구름 조금,1647,1496,24.0,127,79,453,1607,3254,2016,11,3,3
2016-11-04,X,구름 많음,2856,1699,813.0,344,63,1447,1978,4834,2016,11,4,4
2016-11-05,O,구름 많음,10504,9125,281.0,1098,154,669,3876,14380,2016,11,5,5
2016-11-06,O,구름 많음,14490,12529,353.0,1608,117,118,5039,19529,2016,11,6,6
2016-11-07,X,흐림,4459,4341,11.0,107,42,3140,1276,5735,2016,11,7,0
2016-11-08,X,맑음,1070,787,260.0,23,33,325,1500,2570,2016,11,8,1
2016-11-09,X,맑음,1263,937,36.0,290,21,741,1367,2630,2016,11,9,2
2016-11-10,X,흐림,620,567,35.0,18,28,134,1308,1928,2016,11,10,3
2016-11-11,X,구름 조금,2184,1414,690.0,80,118,876,1478,3662,2016,11,11,4
2016-11-12,O,흐림,10483,9149,228.0,1106,85,1271,3442,13925,2016,11,12,5
2016-11-13,O,구름 많음,10405,8971,361.0,1073,164,583,3002,13407,2016,11,13,6
2016-11-14,X,비,924,487,411.0,26,15,411,895,1819,2016,11,14,0
2016-11-15,X,맑음,919,836,17.0,66,24,243,1286,2205,2016,11,15,1
2016-11-16,X,구름 조금,880,803,46.0,31,39,108,1139,2019,2016,11,16,2
2016-11-17,X,,2051,1572,215.0,264,43,77,1429,3480,2016,11,17,3
2016-11-18,X,,1336,989,82.0,265,12,315,1020,2356,2016,11,18,4
2016-11-19,O,,7068,6203,139.0,726,116,179,2868,9936,2016,11,19,5
2016-11-20,O,,21101,9684,10262.0,1155,86,10030,3287,24388,2016,11,20,6
2016-11-21,X,구름 많음,1092,1012,33.0,47,22,30,1139,2231,2016,11,21,0
2016-11-22,X,구름 조금,420,387,19.0,14,4,30,1013,1433,2016,11,22,1
2016-11-23,X,구름 조금,265,253,8.0,4,16,0,756,1021,2016,11,23,2
2016-11-24,X,맑음,176,161,14.0,1,11,0,705,881,2016,11,24,3
2016-11-25,X,구름 조금,985,362,606.0,17,20,606,832,1817,2016,11,25,4
2016-11-26,O,눈/비,1052,896,46.0,110,29,191,1273,2325,2016,11,26,5
2016-11-27,O,구름 조금,2296,1917,88.0,291,53,78,1519,3815,2016,11,27,6
2016-11-28,X,맑음,451,382,43.0,26,12,0,729,1180,2016,11,28,0
2016-11-29,X,맑음,383,348,25.0,10,30,0,854,1237,2016,11,29,1
2016-11-30,X,흐림,302,245,48.0,9,17,31,676,978,2016,11,30,2
2016-12-01,X,맑음,654,476,57.0,121,18,0,829,1483,2016,12,1,3
2016-12-02,X,맑음,405,368,22.0,15,41,0,819,1224,2016,12,2,4
2016-12-03,O,구름 조금,3750,3330,88.0,332,58,33,1955,5705,2016,12,3,5
2016-12-04,O,흐림,2748,2376,94.0,278,39,0,1612,4360,2016,12,4,6
2016-12-05,X,구름 많음,283,235,35.0,13,12,0,669,952,2016,12,5,0
2016-12-06,X,맑음,249,172,64.0,13,26,30,748,997,2016,12,6,1
2016-12-07,X,구름 조금,477,230,240.0,7,2,224,837,1314,2016,12,7,2
2016-12-08,X,흐림,269,219,39.0,11,18,0,821,1090,2016,12,8,3
2016-12-09,X,맑음,464,230,227.0,7,10,188,781,1245,2016,12,9,4
2016-12-10,O,맑음,1323,1162,57.0,104,50,0,1063,2386,2016,12,10,5
2016-12-11,O,맑음,1877,1605,63.0,209,50,0,1345,3222,2016,12,11,6
2016-12-12,X,구름 많음,384,331,28.0,25,40,0,659,1043,2016,12,12,0
2016-12-13,X,,349,301,40.0,8,30,0,963,1312,2016,12,13,1
2016-12-14,X,,251,208,15.0,28,13,137,679,930,2016,12,14,2
2016-12-15,X,,123,101,18.0,4,13,0,575,698,2016,12,15,3
2016-12-16,X,구름 조금,155,129,14.0,12,9,0,410,565,2016,12,16,4
2016-12-17,O,구름 많음,1301,1087,74.0,140,24,80,1102,2403,2016,12,17,5
2017-03-28,X,구름 많음,0,0,0.0,0,0,0,2,2,2017,3,28,1
2017-03-29,X,구름 조금,0,0,0.0,0,0,0,7,7,2017,3,29,2
2017-03-30,X,구름 조금,1302,1187,13.0,102,96,115,1067,2369,2017,3,30,3
2017-03-31,X,비,727,386,328.0,13,41,270,572,1299,2017,3,31,4
2017-04-01,O,비,13317,11155,204.0,1455,100,30,3753,17070,2017,4,1,5
2017-04-02,O,맑음,22166,19107,423.0,2636,164,0,10291,32457,2017,4,2,6
2017-04-03,X,맑음,1960,1878,18.0,64,27,0,1072,3032,2017,4,3,0
2017-04-04,X,구름 조금,2199,2054,68.0,77,97,260,1377,3576,2017,4,4,1
2017-04-05,X,비,459,344,105.0,10,17,190,608,1067,2017,4,5,2
2017-04-06,X,흐림,702,587,85.0,30,14,138,901,1603,2017,4,6,3
2017-04-07,X,구름 조금,4388,3419,821.0,148,111,998,1860,6248,2017,4,7,4
2017-04-08,O,구름 조금,28514,24756,638.0,3120,220,137,12373,40887,2017,4,8,5
2017-04-09,O,구름 많음,28496,24523,590.0,3383,283,0,10863,39359,2017,4,9,6
2017-04-10,X,구름 조금,5293,5106,27.0,160,38,105,2296,7589,2017,4,10,0
2017-04-11,X,구름 조금,4001,3867,16.0,118,63,558,3034,7035,2017,4,11,1
2017-04-12,X,맑음,4315,4113,36.0,166,112,676,3223,7538,2017,4,12,2
2017-04-13,X,구름 많음,4117,3631,197.0,289,54,1115,3610,7727,2017,4,13,3
2017-04-14,X,비,1811,1079,691.0,41,30,945,1247,3058,2017,4,14,4
2017-04-15,O,구름 조금,24079,20770,365.0,2944,225,370,7668,31747,2017,4,15,5
2017-04-16,O,구름 많음,27413,23676,383.0,3354,347,37,9706,37119,2017,4,16,6
2017-04-17,X,비,1423,270,910.0,243,21,1157,623,2046,2017,4,17,0
2017-04-18,X,비,1167,863,6.0,298,35,802,1697,2864,2017,4,18,1
2017-04-19,X,구름 조금,14960,3528,10045.0,1387,91,13390,2949,17909,2017,4,19,2
2017-04-20,X,흐림,1628,1165,8.0,455,59,1035,1802,3430,2017,4,20,3
2017-04-21,X,구름 많음,4057,2802,620.0,635,63,2355,3208,7265,2017,4,21,4
2017-04-22,O,구름 조금,22402,19141,292.0,2969,241,1361,8396,30798,2017,4,22,5
2017-04-23,O,맑음,25108,21854,269.0,2985,300,333,15008,40116,2017,4,23,6
2017-04-24,X,구름 많음,3603,3019,24.0,560,74,759,2423,6026,2017,4,24,0
2017-04-25,X,흐림,2604,1910,223.0,471,74,1924,3056,5660,2017,4,25,1
2017-04-26,X,맑음,3457,2730,61.0,666,16,2865,3918,7375,2017,4,26,2
2017-04-27,X,구름 조금,3364,2636,202.0,526,52,2709,4277,7641,2017,4,27,3
2017-04-28,X,구름 조금,5319,3033,1765.0,521,67,4238,4214,9533,2017,4,28,4
2017-04-29,O,맑음,16398,13782,483.0,2133,150,625,5083,21481,2017,4,29,5
2017-04-30,O,구름 조금,20115,17158,488.0,2469,410,230,6481,26596,2017,4,30,6
2017-05-01,X,맑음,18113,14566,2177.0,1370,359,2012,5023,23136,2017,5,1,0
2017-05-02,X,맑음,11328,4233,2547.0,4548,49,6650,2610,13938,2017,5,2,1
2017-05-03,O,맑음,24428,19887,1086.0,3455,153,354,6570,30998,2017,5,3,2
2017-05-04,X,구름 많음,15879,12233,870.0,2776,143,54,9406,25285,2017,5,4,3
2017-05-05,O,구름 조금,27046,25824,1222.0,0,616,170,19218,46264,2017,5,5,4
2017-05-06,O,맑음,7559,6183,411.0,965,434,102,2356,9915,2017,5,6,5
2017-05-07,O,맑음,5724,4818,318.0,588,269,41,1906,7630,2017,5,7,6
2017-05-08,X,구름 많음,2790,1396,1308.0,86,58,1379,1086,3876,2017,5,8,0
2017-05-09,X,흐림,2687,2216,223.0,248,56,0,1310,3997,2017,5,9,1
2017-05-10,X,구름 많음,2247,1556,612.0,79,22,1520,2338,4585,2017,5,10,2
2017-05-11,X,구름 많음,2853,1612,829.0,412,42,2595,2961,5814,2017,5,11,3
2017-05-12,X,구름 많음,16618,5050,6205.0,5363,58,16276,2223,18841,2017,5,12,4
2017-05-13,O,비,5183,4416,163.0,604,49,405,2725,7908,2017,5,13,5
2017-05-14,O,맑음,25187,22675,467.0,2045,288,6666,6194,31381,2017,5,14,6
2017-05-15,X,구름 많음,3954,2135,1639.0,180,42,2437,2470,6424,2017,5,15,0
2017-05-16,X,구름 많음,2622,2016,176.0,430,59,1868,3612,6234,2017,5,16,1
2017-05-17,X,구름 조금,2719,2006,82.0,631,47,1998,3811,6530,2017,5,17,2
2017-05-18,X,맑음,3769,2197,1058.0,514,70,3607,4693,8462,2017,5,18,3
2017-05-19,X,맑음,7041,3016,3227.0,798,77,6145,5264,12305,2017,5,19,4
2017-05-20,O,구름 조금,17221,15055,399.0,1767,147,908,5751,22972,2017,5,20,5
2017-05-21,O,맑음,18981,16674,363.0,1944,284,307,5727,24708,2017,5,21,6
2017-05-22,X,구름 조금,2569,2440,5.0,124,47,527,2307,4876,2017,5,22,0
2017-05-23,X,흐림,2241,1756,206.0,279,44,1247,3143,5384,2017,5,23,1
2017-05-24,X,구름 조금,3514,2620,546.0,348,75,1522,2824,6338,2017,5,24,2
2017-05-25,X,구름 많음,3486,3001,167.0,318,78,1600,4356,7842,2017,5,25,3
2017-05-26,X,맑음,6869,4456,1900.0,513,109,4286,5818,12687,2017,5,26,4
2017-05-27,O,맑음,26602,23575,549.0,2478,398,1314,7193,33795,2017,5,27,5
2017-05-28,O,맑음,28606,25346,675.0,2585,519,4532,10589,39195,2017,5,28,6
2017-05-29,X,맑음,4129,3966,40.0,123,232,364,3138,7267,2017,5,29,0
2017-05-30,X,구름 많음,4837,4370,344.0,123,68,1444,3988,8825,2017,5,30,1
2017-05-31,X,흐림,3635,3145,418.0,72,199,885,3201,6836,2017,5,31,2
2017-06-01,X,비,4851,3094,171.0,1586,92,2456,4339,9190,2017,6,1,3
2017-06-02,X,구름 조금,6839,4519,1968.0,352,140,3149,4076,10915,2017,6,2,4
2017-06-03,O,맑음,23443,20989,533.0,1921,310,472,9796,33239,2017,6,3,5
2017-06-04,O,맑음,25815,22617,699.0,2499,469,61,10475,36290,2017,6,4,6
2017-06-05,X,구름 조금,14277,11391,1663.0,1223,161,4173,4315,18592,2017,6,5,0
2017-06-06,O,흐림,15290,12888,582.0,1820,154,295,7312,22602,2017,6,6,1
2017-06-07,X,흐림,978,623,344.0,11,28,393,893,1871,2017,6,7,2
2017-06-08,X,맑음,20092,2597,17345.0,150,146,18420,3289,23381,2017,6,8,3
2017-06-09,X,구름 많음,13047,9728,963.0,2356,136,11161,2465,15512,2017,6,9,4
2017-06-10,O,구름 많음,16544,14602,378.0,1564,296,1493,4957,21501,2017,6,10,5
2017-06-11,O,맑음,17348,15379,331.0,1638,297,152,6150,23498,2017,6,11,6
2017-06-12,X,구름 많음,1869,1675,104.0,90,103,264,1720,3589,2017,6,12,0
2017-06-13,X,비,1404,1347,10.0,47,84,678,2511,3915,2017,6,13,1
2017-06-14,X,맑음,1653,1235,320.0,98,64,1060,2493,4146,2017,6,14,2
2017-06-15,X,맑음,4710,3337,25.0,1348,83,4242,2281,6991,2017,6,15,3
2017-06-16,X,구름 많음,1414,1254,116.0,44,68,676,1893,3307,2017,6,16,4
2017-06-17,O,맑음,7092,6042,183.0,867,149,351,3132,10224,2017,6,17,5
2017-06-18,O,구름 조금,6269,5524,111.0,634,218,185,2378,8647,2017,6,18,6
2017-06-19,X,구름 조금,1063,961,33.0,69,29,96,1100,2163,2017,6,19,0
2017-06-20,X,구름 많음,939,838,19.0,82,59,459,1591,2530,2017,6,20,1
2017-06-21,X,구름 조금,918,799,37.0,82,54,246,1283,2201,2017,6,21,2
2017-06-22,X,구름 조금,11650,898,10705.0,47,85,10925,1285,12935,2017,6,22,3
2017-06-23,X,구름 조금,906,836,16.0,54,71,275,1216,2122,2017,6,23,4
2017-06-24,O,구름 많음,4215,3640,83.0,492,125,63,1987,6202,2017,6,24,5
2017-06-25,O,흐림,4309,3786,63.0,460,145,56,1854,6163,2017,6,25,6
2017-06-26,X,비,609,572,6.0,31,24,0,663,1272,2017,6,26,0
2017-06-27,X,구름 많음,939,878,10.0,51,51,187,1304,2243,2017,6,27,1
2017-06-28,X,구름 많음,862,807,16.0,39,70,132,1251,2113,2017,6,28,2
2017-06-29,X,구름 많음,904,846,14.0,44,61,235,1216,2120,2017,6,29,3
2017-06-30,X,구름 많음,1002,840,26.0,136,72,316,1101,2103,2017,6,30,4
2017-07-01,O,흐림,5728,5112,85.0,531,113,60,2080,7808,2017,7,1,5
2017-07-02,O,비,725,649,12.0,64,63,0,718,1443,2017,7,2,6
2017-07-03,X,비,313,289,4.0,20,15,0,494,807,2017,7,3,0
2017-07-04,X,구름 많음,891,559,27.0,305,74,362,824,1715,2017,7,4,1
2017-07-05,X,구름 많음,600,495,62.0,43,59,60,749,1349,2017,7,5,2
2017-07-06,X,구름 많음,611,425,167.0,19,58,141,640,1251,2017,7,6,3
2017-07-07,X,비,330,275,8.0,47,21,30,540,870,2017,7,7,4
2017-07-08,O,흐림,955,832,25.0,98,77,30,745,1700,2017,7,8,5
2017-07-09,O,비,2218,1903,76.0,239,151,0,1222,3440,2017,7,9,6
2017-07-10,X,비,73,69,2.0,2,12,0,265,338,2017,7,10,0
2017-07-11,X,비,591,473,46.0,72,51,91,889,1480,2017,7,11,1
2017-07-12,X,구름 조금,859,487,315.0,57,44,279,738,1597,2017,7,12,2
2017-07-13,X,구름 조금,536,466,27.0,43,57,0,640,1176,2017,7,13,3
2017-07-14,X,구름 많음,654,486,117.0,51,74,218,695,1349,2017,7,14,4
2017-07-15,O,비,1007,857,63.0,87,88,72,928,1935,2017,7,15,5
2017-07-16,O,흐림,3254,2857,84.0,313,78,0,1335,4589,2017,7,16,6
2017-07-17,X,비,567,503,21.0,43,11,31,621,1188,2017,7,17,0
2017-07-18,X,구름 많음,692,586,50.0,56,68,74,766,1458,2017,7,18,1
2017-07-19,X,구름 많음,537,465,21.0,51,42,0,643,1180,2017,7,19,2
2017-07-20,X,구름 많음,395,333,30.0,32,81,0,536,931,2017,7,20,3
2017-07-21,X,구름 많음,595,370,191.0,34,62,177,481,1076,2017,7,21,4
2017-07-22,O,흐림,1437,1238,53.0,146,154,33,1064,2501,2017,7,22,5
2017-07-23,O,비,357,319,12.0,26,20,36,339,696,2017,7,23,6
2017-07-24,X,비,304,242,33.0,29,57,0,392,696,2017,7,24,0
2017-07-25,X,흐림,602,507,49.0,46,54,44,716,1318,2017,7,25,1
2017-07-26,X,구름 조금,701,540,83.0,78,100,0,566,1267,2017,7,26,2
2017-07-27,X,구름 많음,10159,7696,121.0,2342,93,9074,730,10889,2017,7,27,3
2017-07-28,X,비,403,332,11.0,60,47,0,369,772,2017,7,28,4
2017-07-29,O,흐림,4360,3756,131.0,473,69,111,1474,5834,2017,7,29,5
2017-07-30,O,흐림,4426,3828,185.0,413,286,70,1335,5761,2017,7,30,6
2017-07-31,X,비,1409,996,31.0,382,55,0,362,1771,2017,7,31,0
2017-08-01,X,구름 많음,2562,2123,118.0,321,177,30,1370,3932,2017,8,1,1
2017-08-02,X,비,1320,1069,92.0,159,57,0,656,1976,2017,8,2,2
2017-08-03,X,구름 조금,1301,1053,82.0,166,181,0,622,1923,2017,8,3,3
2017-08-04,X,구름 조금,1638,1298,126.0,214,52,46,526,2164,2017,8,4,4
2017-08-05,O,구름 많음,1879,1602,83.0,194,135,30,866,2745,2017,8,5,5
2017-08-06,O,비,1506,1250,87.0,169,105,0,844,2350,2017,8,6,6
2017-08-07,X,비,725,565,56.0,104,62,0,511,1236,2017,8,7,0
2017-08-08,X,구름 많음,867,659,72.0,136,117,0,637,1504,2017,8,8,1
2017-08-09,X,구름 많음,991,721,120.0,150,89,0,610,1601,2017,8,9,2
2017-08-10,X,비,481,350,61.0,70,53,31,462,943,2017,8,10,3
2017-08-11,X,구름 많음,1234,959,74.0,201,41,104,669,1903,2017,8,11,4
2017-08-12,O,구름 조금,4749,4082,118.0,549,92,39,1647,6396,2017,8,12,5
2017-08-13,O,구름 많음,7791,6680,227.0,884,345,45,2580,10371,2017,8,13,6
2017-08-14,X,흐림,1133,827,47.0,259,105,44,714,1847,2017,8,14,0
2017-08-15,O,비,409,329,24.0,56,15,0,422,831,2017,8,15,1
2017-08-16,X,흐림,1304,1039,33.0,232,46,0,707,2011,2017,8,16,2
2017-08-17,X,비,1011,814,25.0,172,67,0,872,1883,2017,8,17,3
2017-08-18,X,비,1701,1390,39.0,272,86,46,1072,2773,2017,8,18,4
2017-08-19,O,흐림,7960,6850,170.0,940,168,69,2715,10675,2017,8,19,5
2017-08-20,O,비,948,811,27.0,110,51,0,505,1453,2017,8,20,6
2017-08-21,X,비,3763,540,3111.0,112,52,3152,629,4392,2017,8,21,0
2017-08-22,X,구름 많음,1434,1196,25.0,213,78,0,979,2413,2017,8,22,1
2017-08-23,X,비,345,289,7.0,49,24,0,379,724,2017,8,23,2
2017-08-24,X,비,162,134,6.0,22,23,0,410,572,2017,8,24,3
2017-08-25,X,구름 조금,1351,1169,74.0,108,33,30,933,2284,2017,8,25,4
2017-08-26,O,구름 조금,11083,9721,179.0,1183,139,75,3391,14474,2017,8,26,5
2017-08-27,O,흐림,12944,11289,231.0,1424,194,34,3854,16798,2017,8,27,6
2017-08-28,X,비,760,697,9.0,54,36,0,709,1469,2017,8,28,0
2017-08-29,X,구름 많음,2016,1916,14.0,86,60,96,1420,3436,2017,8,29,1
2017-08-30,X,구름 많음,1677,1603,28.0,46,16,74,1183,2860,2017,8,30,2
2017-08-31,X,맑음,1872,1722,75.0,75,40,198,1345,3217,2017,8,31,3
2017-09-01,X,구름 조금,2139,1794,178.0,167,43,137,1290,3429,2017,9,1,4
2017-09-02,O,맑음,17375,15241,238.0,1896,127,34,5938,23313,2017,9,2,5
2017-09-03,O,구름 조금,17551,15418,260.0,1873,180,60,6440,23991,2017,9,3,6
2017-09-04,X,구름 조금,1740,1641,22.0,77,127,35,1171,2911,2017,9,4,0
2017-09-05,X,흐림,1008,884,20.0,104,70,189,1176,2184,2017,9,5,1
2017-09-06,X,흐림,877,369,490.0,18,14,535,926,1803,2017,9,6,2
2017-09-07,X,구름 많음,2517,1946,14.0,557,53,640,1936,4453,2017,9,7,3
2017-09-08,X,맑음,2637,1440,930.0,267,13,1521,1539,4176,2017,9,8,4
2017-09-09,O,구름 조금,12034,10366,208.0,1460,126,296,5269,17303,2017,9,9,5
2017-09-10,O,흐림,12394,10648,211.0,1535,211,46,4135,16529,2017,9,10,6
2017-09-11,X,흐림,10287,7259,158.0,2870,27,9598,669,10956,2017,9,11,0
2017-09-12,X,맑음,1932,1429,470.0,33,43,876,1868,3800,2017,9,12,1
2017-09-13,X,맑음,1767,1652,68.0,47,20,573,2108,3875,2017,9,13,2
2017-09-14,X,맑음,1529,1420,23.0,86,29,322,1480,3009,2017,9,14,3
2017-09-15,X,구름 많음,2972,1923,902.0,147,30,1912,2743,5715,2017,9,15,4
2017-09-16,O,구름 많음,16130,13696,308.0,2126,153,426,4751,20881,2017,9,16,5
2017-09-17,O,구름 조금,16453,14355,189.0,1909,221,36,5246,21699,2017,9,17,6
2017-09-18,X,구름 조금,2329,1999,24.0,306,17,420,1867,4196,2017,9,18,0
2017-09-19,X,비,756,579,3.0,174,32,593,1557,2313,2017,9,19,1
2017-09-20,X,맑음,4111,1564,2133.0,414,19,2802,2038,6149,2017,9,20,2
2017-09-21,X,맑음,1920,1603,19.0,298,44,1107,2880,4800,2017,9,21,3
2017-09-22,X,구름 조금,3324,1815,1175.0,334,53,3438,3959,7283,2017,9,22,4
2017-09-23,O,구름 조금,11369,9117,209.0,2043,92,4272,6146,17515,2017,9,23,5
2017-09-24,O,구름 조금,10563,8989,215.0,1359,127,725,3957,14520,2017,9,24,6
2017-09-25,X,구름 조금,1430,1223,18.0,189,13,162,1092,2522,2017,9,25,0
2017-09-26,X,구름 많음,1513,1029,83.0,401,32,992,2067,3580,2017,9,26,1
2017-09-27,X,,1315,553,172.0,590,14,976,1179,2494,2017,9,27,2
2017-09-28,X,,2089,1332,71.0,686,6,1196,1942,4031,2017,9,28,3
2017-09-29,X,,4760,1278,1624.0,1858,57,3501,1778,6538,2017,9,29,4
2017-09-30,O,,9835,8387,316.0,1132,64,103,2877,12712,2017,9,30,5
2017-10-01,O,,4305,3543,144.0,618,107,0,2108,6413,2017,10,1,6
2017-10-02,X,,16443,14218,355.0,1870,186,0,4944,21387,2017,10,2,0
2017-10-03,O,,12770,10949,360.0,1461,438,0,3719,16489,2017,10,3,1
2017-10-04,O,,15332,13288,496.0,1548,1174,0,3888,19220,2017,10,4,2
2017-10-05,O,,24914,21322,680.0,2912,701,0,7662,32576,2017,10,5,3
2017-10-06,O,,15135,12842,389.0,1904,359,0,5813,20948,2017,10,6,4
2017-10-07,O,,23018,19513,663.0,2842,359,0,9073,32091,2017,10,7,5
2017-10-08,O,구름 많음,21692,18372,553.0,2767,218,83,7559,29251,2017,10,8,6
2017-10-09,O,구름 조금,15519,13211,479.0,1829,71,359,5655,21174,2017,10,9,0
2017-10-10,X,흐림,1014,806,8.0,200,13,203,1290,2304,2017,10,10,1
2017-10-11,X,구름 많음,1299,305,573.0,421,19,1147,808,2107,2017,10,11,2
2017-10-12,X,흐림,1985,734,637.0,614,111,1882,1917,3902,2017,10,12,3
2017-10-13,X,맑음,3044,1401,1243.0,400,40,2619,3359,6403,2017,10,13,4
2017-10-14,O,구름 조금,12728,10745,358.0,1625,129,1633,4257,16985,2017,10,14,5
2017-10-15,O,구름 조금,15009,12955,298.0,1756,43,213,4648,19657,2017,10,15,6
2017-10-16,X,구름 많음,4806,4199,14.0,593,48,3917,1900,6706,2017,10,16,0
2017-10-17,X,구름 조금,10451,2399,,1560,47,9928,3581,14032,2017,10,17,1
2017-10-18,X,흐림,2442,1317,353.0,772,47,1556,2565,5007,2017,10,18,2
2017-10-19,X,구름 조금,2871,1959,448.0,464,48,1926,3044,5915,2017,10,19,3
2017-10-20,X,맑음,6030,3082,2531.0,417,46,5156,4345,10375,2017,10,20,4
2017-10-21,O,맑음,16596,14199,335.0,2062,176,1792,6062,22658,2017,10,21,5
2017-10-22,O,구름 많음,20970,17176,663.0,3131,129,3709,4103,25073,2017,10,22,6
2017-10-23,X,구름 조금,2373,2042,53.0,278,17,954,2172,4545,2017,10,23,0
2017-10-24,X,구름 조금,16818,11388,3413.0,2017,36,15364,2636,19454,2017,10,24,1
2017-10-25,X,맑음,2360,1745,164.0,451,70,898,2265,4625,2017,10,25,2
2017-10-26,X,구름 많음,2587,1624,525.0,438,37,1388,2536,5123,2017,10,26,3
2017-10-27,X,맑음,5139,2734,1901.0,504,76,3594,3292,8431,2017,10,27,4
2017-10-28,O,맑음,19418,16172,658.0,2588,158,5114,7461,26879,2017,10,28,5
2017-10-29,O,맑음,15050,12844,440.0,1766,208,285,4464,19514,2017,10,29,6
2017-10-30,X,맑음,1986,1210,592.0,184,43,686,1352,3338,2017,10,30,0
2017-10-31,X,구름 조금,4073,1332,117.0,2624,57,2724,1695,5768,2017,10,31,1
2017-11-01,X,구름 많음,1782,1546,100.0,136,61,298,1581,3363,2017,11,1,2
2017-11-02,X,비,1170,1046,85.0,39,68,294,1499,2669,2017,11,2,3
2017-11-03,X,구름 조금,2290,1776,252.0,262,52,1009,866,3156,2017,11,3,4
2017-11-04,O,맑음,8665,7476,226.0,963,91,216,3422,12087,2017,11,4,5
2017-11-05,O,구름 많음,10026,8543,220.0,1263,104,69,2736,12762,2017,11,5,6
2017-11-06,X,구름 많음,1580,1504,13.0,63,44,68,1760,3340,2017,11,6,0
2017-11-07,X,구름 많음,1857,1319,397.0,141,53,846,1637,3494,2017,11,7,1
2017-11-08,X,맑음,1272,1010,245.0,17,50,424,1381,2653,2017,11,8,2
2017-11-09,X,맑음,1428,1274,10.0,144,29,301,1661,3089,2017,11,9,3
2017-11-10,X,비,1106,941,88.0,77,36,695,1247,2353,2017,11,10,4
2017-11-11,O,맑음,6091,5225,191.0,675,68,1026,1917,8008,2017,11,11,5
2017-11-12,O,구름 조금,7128,6232,175.0,721,32,520,2184,9312,2017,11,12,6
2017-11-13,X,흐림,606,561,13.0,32,7,35,1005,1611,2017,11,13,0
2017-11-14,X,구름 조금,853,758,1.0,94,25,256,1150,2003,2017,11,14,1
2017-11-15,X,구름 조금,485,437,32.0,16,27,169,919,1404,2017,11,15,2
2017-11-16,X,구름 조금,476,372,72.0,32,30,0,769,1245,2017,11,16,3
2017-11-17,X,비,692,271,409.0,12,29,471,696,1388,2017,11,17,4
2017-11-18,O,맑음,1637,1374,85.0,178,57,352,1122,2759,2017,11,18,5
2017-11-19,O,맑음,1082,950,51.0,81,59,30,836,1918,2017,11,19,6
2017-11-20,X,구름 많음,260,232,20.0,8,26,0,597,857,2017,11,20,0
2017-11-21,X,맑음,709,238,407.0,64,14,430,872,1581,2017,11,21,1
2017-11-22,X,맑음,455,315,42.0,98,30,165,586,1041,2017,11,22,2
2017-11-23,X,흐림,1315,806,31.0,478,24,1101,612,1927,2017,11,23,3
2017-11-24,X,구름 많음,203,175,21.0,7,13,0,544,747,2017,11,24,4
2017-11-25,O,비,468,428,9.0,31,12,157,916,1384,2017,11,25,5
2017-11-26,O,구름 조금,1600,1368,56.0,176,56,0,887,2487,2017,11,26,6
2017-11-27,X,,342,313,12.0,17,2,46,730,1072,2017,11,27,0
2017-11-28,X,,302,267,14.0,21,48,0,837,1139,2017,11,28,1
2017-11-29,X,,191,163,18.0,10,18,0,604,795,2017,11,29,2
2017-11-30,X,맑음,10638,158,10472.0,8,20,42,680,11318,2017,11,30,3
2017-12-01,X,구름 많음,213,170,33.0,10,21,0,505,718,2017,12,1,4
2017-12-02,O,구름 많음,1133,1010,45.0,78,18,0,1035,2168,2017,12,2,5
2017-12-03,O,흐림,1120,986,33.0,101,21,0,871,1991,2017,12,3,6
2017-12-04,X,구름 조금,161,136,17.0,8,11,0,558,719,2017,12,4,0
2017-12-05,X,흐림,169,164,1.0,4,5,71,461,630,2017,12,5,1
2017-12-06,X,흐림,109,97,10.0,2,15,0,612,721,2017,12,6,2
2017-12-07,X,구름 조금,199,144,50.0,5,13,33,712,911,2017,12,7,3
2017-12-08,X,맑음,149,128,17.0,4,15,0,494,643,2017,12,8,4
2017-12-09,O,구름 많음,776,678,30.0,68,20,32,1016,1792,2017,12,9,5
2017-12-10,O,비,419,356,24.0,39,12,0,605,1024,2017,12,10,6
2017-12-11,X,,71,56,2.0,13,12,0,408,479,2017,12,11,0
2017-12-12,X,맑음,85,45,37.0,3,4,33,239,324,2017,12,12,1
2017-12-13,X,맑음,86,75,11.0,0,20,0,376,462,2017,12,13,2
2017-12-14,X,구름 많음,319,59,15.0,245,9,241,442,761,2017,12,14,3
2017-12-15,X,흐림,145,99,35.0,11,12,0,482,627,2017,12,15,4
2017-12-16,O,구름 조금,371,306,20.0,45,11,0,835,1206,2017,12,16,5
2017-12-17,O,구름 조금,442,379,20.0,43,28,38,554,996,2017,12,17,6
2017-12-18,X,구름 많음,103,89,13.0,1,2,0,317,420,2017,12,18,0
2017-12-19,X,맑음,165,61,102.0,2,22,90,492,657,2017,12,19,1
2017-12-20,O,눈,2509,202,2035.0,272,1,2454,476,2985,2017,12,20,2
2017-12-21,X,맑음,132,103,18.0,11,12,0,521,653,2017,12,21,3
2017-12-22,X,구름 많음,209,186,11.0,12,3,1,595,804,2017,12,22,4
2017-12-23,O,흐림,912,771,66.0,75,41,43,998,1910,2017,12,23,5
2017-12-24,O,눈/비,144,114,14.0,16,7,0,259,403,2017,12,24,6
2017-12-25,O,맑음,1502,1195,188.0,119,29,3,526,2028,2017,12,25,0
2017-12-26,X,맑음,200,178,7.0,15,24,0,572,772,2017,12,26,1
2017-12-27,X,맑음,129,112,10.0,7,9,0,359,488,2017,12,27,2
2017-12-28,X,흐림,197,174,6.0,17,15,0,581,778,2017,12,28,3
2017-12-29,X,구름 많음,345,273,30.0,42,39,0,508,853,2017,12,29,4
2017-12-30,O,눈,709,574,46.0,89,38,0,811,1520,2017,12,30,5
2017-12-31,O,맑음,1274,1069,57.0,148,50,0,594,1868,2017,12,31,6
2018-01-01,O,맑음,1688,1380,99.0,209,40,0,628,2316,2018,1,1,0
2018-01-02,X,구름 조금,403,344,15.0,44,22,119,585,988,2018,1,2,1
2018-01-03,X,구름 조금,192,153,22.0,17,4,0,502,694,2018,1,3,2
2018-01-04,X,흐림,165,134,9.0,22,14,1,506,671,2018,1,4,3
2018-01-05,X,구름 조금,189,146,12.0,31,8,0,569,758,2018,1,5,4
2018-01-06,O,맑음,968,836,32.0,100,25,0,967,1935,2018,1,6,5
2018-01-07,O,흐림,922,749,61.0,112,20,0,959,1881,2018,1,7,6
2018-01-08,X,흐림,193,150,13.0,30,13,0,441,634,2018,1,8,0
2018-01-09,X,구름 많음,115,94,6.0,15,13,0,408,523,2018,1,9,1
2018-01-10,X,구름 조금,70,56,7.0,7,6,0,312,382,2018,1,10,2
2018-01-11,X,맑음,43,34,8.0,1,0,0,269,312,2018,1,11,3
2018-01-12,X,맑음,52,45,5.0,2,15,0,176,228,2018,1,12,4
2018-01-13,O,맑음,350,297,18.0,35,3,0,665,1015,2018,1,13,5
2018-01-14,O,구름 많음,839,713,32.0,94,2,0,815,1654,2018,1,14,6
2018-01-15,X,구름 조금,225,172,31.0,22,14,0,420,645,2018,1,15,0
2018-01-16,X,비,150,115,15.0,20,8,0,549,699,2018,1,16,1
2018-01-17,X,구름 조금,196,156,23.0,17,15,0,435,631,2018,1,17,2
2018-01-18,X,구름 많음,989,311,440.0,238,1,776,514,1503,2018,1,18,3
2018-01-19,X,맑음,334,257,28.0,49,17,0,584,918,2018,1,19,4
2018-01-20,O,구름 조금,1138,941,72.0,125,3,30,945,2083,2018,1,20,5
2018-01-21,O,구름 많음,1234,1015,61.0,158,18,0,889,2123,2018,1,21,6
2018-01-22,X,눈,311,210,34.0,67,6,0,541,852,2018,1,22,0
2018-01-23,X,맑음,67,48,9.0,10,7,0,296,363,2018,1,23,1
2018-01-24,X,맑음,18,16,1.0,1,0,0,110,128,2018,1,24,2
2018-01-25,X,맑음,23,23,0.0,0,1,0,139,162,2018,1,25,3
2018-01-26,X,맑음,50,31,13.0,6,0,0,172,222,2018,1,26,4
2018-01-27,O,구름 조금,247,202,30.0,15,11,0,408,655,2018,1,27,5
2018-01-28,O,구름 조금,457,371,31.0,55,15,0,505,962,2018,1,28,6
2018-01-29,X,맑음,87,74,7.0,6,6,0,322,409,2018,1,29,0
2018-01-30,X,구름 많음,9203,92,9100.0,11,2,9097,457,9660,2018,1,30,1
2018-01-31,X,구름 많음,151,131,11.0,9,12,0,434,585,2018,1,31,2
2018-02-01,X,맑음,194,157,19.0,18,5,0,485,679,2018,2,1,3
2018-02-02,X,구름 많음,152,127,14.0,11,11,0,552,704,2018,2,2,4
2018-02-03,O,구름 조금,415,340,27.0,48,10,0,634,1049,2018,2,3,5
2018-02-04,O,맑음,281,238,15.0,28,1,1,509,790,2018,2,4,6
2018-02-05,X,맑음,66,59,5.0,2,14,0,282,348,2018,2,5,0
2018-02-06,X,구름 조금,60,55,2.0,3,13,0,309,369,2018,2,6,1
2018-02-07,X,구름 많음,78,58,14.0,6,4,0,340,418,2018,2,7,2
2018-02-08,X,맑음,177,131,25.0,21,2,1,547,724,2018,2,8,3
2018-02-09,X,,172,141,18.0,13,3,0,485,657,2018,2,9,4
2018-02-10,O,,907,756,40.0,111,17,0,954,1861,2018,2,10,5
2018-02-11,O,눈,544,446,29.0,69,6,4,615,1159,2018,2,11,6
2018-02-12,X,구름 많음,120,84,20.0,16,18,0,379,499,2018,2,12,0
2018-02-13,X,맑음,195,166,19.0,10,19,0,530,725,2018,2,13,1
2018-02-14,X,,354,279,43.0,32,19,0,456,810,2018,2,14,2
2018-02-15,O,구름 조금,1193,1023,37.0,133,64,0,572,1765,2018,2,15,3
2018-02-16,O,맑음,2331,2013,71.0,247,246,0,676,3007,2018,2,16,4
2018-02-17,O,맑음,2617,2229,101.0,287,71,0,973,3590,2018,2,17,5
2018-02-18,O,구름 많음,2111,1822,70.0,219,88,0,1259,3370,2018,2,18,6
2018-02-19,X,구름 많음,767,620,51.0,96,29,0,791,1558,2018,2,19,0
2018-02-20,X,구름 조금,561,420,60.0,81,6,0,682,1243,2018,2,20,1
2018-02-21,X,구름 조금,465,362,41.0,62,3,0,704,1169,2018,2,21,2
2018-02-22,X,구름 많음,562,424,58.0,80,17,0,786,1348,2018,2,22,3
2018-02-23,X,구름 조금,490,352,53.0,85,9,0,589,1079,2018,2,23,4
2018-02-24,O,구름 많음,2125,1810,65.0,250,33,36,1237,3362,2018,2,24,5
2018-02-25,O,맑음,4517,3856,123.0,538,34,0,1622,6139,2018,2,25,6
2018-02-26,X,구름 조금,1417,1081,97.0,239,17,0,835,2252,2018,2,26,0
2018-02-27,X,흐림,769,543,89.0,137,11,0,748,1517,2018,2,27,1
2018-02-28,X,비,168,123,8.0,37,6,0,458,626,2018,2,28,2
2018-03-01,O,맑음,2320,1948,112.0,260,24,75,970,3290,2018,3,1,3
2018-03-02,X,맑음,712,649,8.0,55,25,0,788,1500,2018,3,2,4
2018-03-03,O,구름 많음,10711,9307,224.0,1180,58,30,3829,14540,2018,3,3,5
2018-03-04,O,흐림,2268,1926,78.0,264,52,0,1351,3619,2018,3,4,6
2018-03-05,X,구름 조금,546,536,2.0,8,2,0,503,1049,2018,3,5,0
2018-03-06,X,구름 조금,739,722,5.0,12,27,0,1012,1751,2018,3,6,1
2018-03-07,X,구름 많음,583,564,4.0,15,20,0,851,1434,2018,3,7,2
2018-03-08,X,흐림,139,135,2.0,2,8,0,465,604,2018,3,8,3
2018-03-09,X,구름 조금,495,472,5.0,18,31,30,871,1366,2018,3,9,4
2018-03-10,O,구름 조금,7513,6454,137.0,922,79,0,3210,10723,2018,3,10,5
2018-03-11,O,구름 조금,11235,9619,231.0,1385,13,0,3277,14512,2018,3,11,6
2018-03-12,X,맑음,818,805,4.0,9,32,0,737,1555,2018,3,12,0
2018-03-13,X,구름 조금,889,845,5.0,39,39,34,930,1819,2018,3,13,1
2018-03-14,X,구름 조금,1872,1775,43.0,54,22,30,1160,3032,2018,3,14,2
2018-03-15,X,비,82,76,0.0,6,3,0,308,390,2018,3,15,3
2018-03-16,X,맑음,1118,1073,13.0,32,42,0,983,2101,2018,3,16,4
2018-03-17,O,구름 많음,17044,14635,256.0,2153,44,87,4667,21711,2018,3,17,5
2018-03-18,O,흐림,8256,6882,192.0,1182,67,0,3084,11340,2018,3,18,6
2018-03-19,X,구름 조금,295,282,1.0,12,9,0,490,785,2018,3,19,0
2018-03-20,X,구름 많음,377,346,9.0,22,30,0,851,1228,2018,3,20,1
2018-03-21,X,눈,1673,353,828.0,492,4,0,511,2184,2018,3,21,2
2018-03-22,X,맑음,603,580,13.0,10,44,41,956,1559,2018,3,22,3
2018-03-23,X,구름 조금,1002,901,49.0,52,18,68,920,1922,2018,3,23,4
2018-03-24,O,구름 조금,6364,5428,174.0,762,59,94,2054,8418,2018,3,24,5
2018-03-25,O,맑음,5576,4723,216.0,637,114,0,1758,7334,2018,3,25,6
2018-03-26,X,맑음,621,576,15.0,30,26,0,606,1227,2018,3,26,0
2018-03-27,X,구름 조금,560,497,21.0,42,26,0,737,1297,2018,3,27,1
2018-03-28,X,구름 조금,964,838,82.0,44,18,69,866,1830,2018,3,28,2
2018-03-29,X,구름 조금,725,671,18.0,36,41,69,863,1588,2018,3,29,3
2018-03-30,X,맑음,2395,1685,621.0,89,60,618,1275,3670,2018,3,30,4
2018-03-31,O,구름 조금,17894,15235,257.0,2402,101,298,6715,24609,2018,3,31,5
2018-04-01,O,흐림,10899,9247,197.0,1455,156,36,4222,15121,2018,4,1,6
2018-04-02,X,,1818,1697,13.0,108,12,30,967,2785,2018,4,2,0
2018-04-03,X,,2140,1861,103.0,176,67,271,1549,3689,2018,4,3,1
2018-04-04,X,,1585,1453,47.0,85,32,0,990,2575,2018,4,4,2
2018-04-05,X,,559,145,408.0,6,7,394,433,992,2018,4,5,3
2018-04-06,X,구름 많음,2933,1189,1549.0,195,31,1752,987,3920,2018,4,6,4
2018-04-07,O,구름 많음,9469,8279,223.0,967,88,181,3272,12741,2018,4,7,5
2018-04-08,O,흐림,9341,7953,220.0,1168,139,0,3342,12683,2018,4,8,6
2018-04-09,X,구름 조금,3844,2904,760.0,180,50,943,1931,5775,2018,4,9,0
2018-04-10,X,구름 많음,3726,3045,531.0,150,66,1184,3510,7236,2018,4,10,1
2018-04-11,X,맑음,2229,1887,288.0,54,68,385,1955,4184,2018,4,11,2
2018-04-12,X,맑음,4025,3094,539.0,392,26,1460,3239,7264,2018,4,12,3
2018-04-13,X,구름 많음,5380,4035,1119.0,226,49,1743,3314,8694,2018,4,13,4
2018-04-14,O,흐림,1075,944,24.0,107,16,40,1022,2097,2018,4,14,5
2018-04-15,O,구름 조금,16642,14214,318.0,2110,145,30,4713,21355,2018,4,15,6
2018-04-16,X,구름 조금,3299,3110,21.0,168,31,376,2181,5480,2018,4,16,0
2018-04-17,X,맑음,2530,2173,32.0,325,26,844,2634,5164,2018,4,17,1
2018-04-18,X,맑음,2826,2083,89.0,654,61,1329,2808,5634,2018,4,18,2
2018-04-19,X,맑음,2455,2150,117.0,188,21,1053,2614,5069,2018,4,19,3
2018-04-20,X,맑음,3459,2759,100.0,600,43,1273,1894,5353,2018,4,20,4
2018-04-21,O,구름 조금,21602,18559,329.0,2714,200,1076,11008,32610,2018,4,21,5
2018-04-22,O,비,5932,5156,56.0,720,81,974,1748,7680,2018,4,22,6
2018-04-23,X,비,61,55,2.0,4,0,0,227,288,2018,4,23,0
2018-04-24,X,구름 많음,1685,1122,25.0,538,44,1538,2655,4340,2018,4,24,1
2018-04-25,X,맑음,4324,2831,545.0,948,70,3560,4309,8633,2018,4,25,2
2018-04-26,X,구름 조금,10774,3347,6138.0,1289,76,10674,5059,15833,2018,4,26,3
2018-04-27,X,맑음,10229,9107,404.0,718,26,9758,4121,14350,2018,4,27,4
2018-04-28,O,맑음,17221,14736,313.0,2172,43,858,5743,22964,2018,4,28,5
2018-04-29,O,구름 조금,22455,19172,313.0,2970,229,681,7319,29774,2018,4,29,6
2018-04-30,X,구름 조금,4035,3387,158.0,490,37,1485,11066,15101,2018,4,30,0
2018-05-01,X,흐림,16617,13436,1974.0,1207,194,2092,5667,22284,2018,5,1,1
2018-05-02,X,비,697,227,338.0,132,14,449,652,1349,2018,5,2,2
2018-05-03,X,흐림,6490,1251,1148.0,4091,24,6124,2613,9103,2018,5,3,3
2018-05-04,X,맑음,8372,3297,4471.0,604,47,5642,3026,11398,2018,5,4,4
2018-05-05,O,맑음,29521,28592,899.0,30,208,65,22789,52310,2018,5,5,5
2018-05-06,O,비,2624,2109,162.0,353,65,125,720,3344,2018,5,6,6
2018-05-07,O,구름 많음,24639,20266,900.0,3473,182,30,8182,32821,2018,5,7,0
2018-05-08,X,,3600,2370,895.0,335,17,1051,2128,5728,2018,5,8,1
2018-05-09,X,,2938,2360,160.0,418,34,1677,2954,5892,2018,5,9,2
2018-05-10,X,,3138,2028,433.0,677,35,2421,3624,6762,2018,5,10,3
2018-05-11,X,구름 많음,6050,2408,2943.0,699,1,5003,3785,9835,2018,5,11,4
2018-05-12,O,비,801,739,11.0,51,32,269,544,1345,2018,5,12,5
2018-05-13,O,구름 조금,17365,14802,484.0,2079,209,503,5766,23131,2018,5,13,6
2018-05-14,X,맑음,2153,1755,219.0,179,24,905,1949,4102,2018,5,14,0
2018-05-15,X,구름 많음,2476,1494,829.0,153,28,1526,2349,4825,2018,5,15,1
2018-05-16,X,비,222,107,37.0,78,7,373,674,896,2018,5,16,2
2018-05-17,X,비,830,211,583.0,36,7,752,479,1309,2018,5,17,3
2018-05-18,X,흐림,4252,813,3092.0,347,19,3607,1240,5492,2018,5,18,4
2018-05-19,O,맑음,24047,20837,380.0,2830,110,396,9608,33655,2018,5,19,5
2018-05-20,O,구름 많음,23579,19838,555.0,3186,341,378,6870,30449,2018,5,20,6
2018-05-21,X,구름 조금,13403,10464,677.0,2262,65,735,5895,19298,2018,5,21,0
2018-05-22,O,흐림,21239,17400,600.0,3239,92,652,7256,28495,2018,5,22,1
2018-05-23,X,맑음,2802,2446,97.0,259,59,1417,3500,6302,2018,5,23,2
2018-05-24,X,맑음,2706,2224,426.0,56,123,1370,3681,6387,2018,5,24,3
2018-05-25,X,구름 많음,5120,2893,1923.0,304,92,2676,3337,8457,2018,5,25,4
2018-05-26,O,맑음,20847,18389,582.0,1876,201,1664,6858,27705,2018,5,26,5
2018-05-27,O,구름 많음,24339,21527,555.0,2257,373,324,7905,32244,2018,5,27,6
2018-05-28,X,구름 조금,23912,11939,10369.0,1604,180,10733,3293,27205,2018,5,28,0
2018-05-29,X,구름 많음,3637,3490,18.0,129,33,1690,5104,8741,2018,5,29,1
2018-05-30,X,구름 많음,4129,3939,134.0,56,79,742,3174,7303,2018,5,30,2
2018-05-31,X,맑음,5134,4562,468.0,104,117,1609,21142,26276,2018,5,31,3
2018-06-01,X,맑음,6257,4046,1997.0,214,106,3118,3712,9969,2018,6,1,4
2018-06-02,O,맑음,20225,18090,368.0,1767,208,431,6116,26341,2018,6,2,5
2018-06-03,O,맑음,20260,18092,384.0,1784,202,93,5548,25808,2018,6,3,6
2018-06-04,X,구름 많음,3232,3079,44.0,109,138,283,2690,5922,2018,6,4,0
2018-06-05,X,구름 조금,4678,3209,1276.0,193,111,2802,4349,9027,2018,6,5,1
2018-06-06,O,맑음,22109,19205,668.0,2236,261,338,7835,29944,2018,6,6,2
2018-06-07,X,구름 조금,3102,2504,512.0,86,56,1315,3069,6171,2018,6,7,3
2018-06-08,X,구름 조금,3315,2902,254.0,159,120,1173,3842,7157,2018,6,8,4
2018-06-09,O,흐림,13365,11826,373.0,1166,116,355,4671,18036,2018,6,9,5
2018-06-10,O,흐림,15026,13255,217.0,1554,171,89,4302,19328,2018,6,10,6
2018-06-11,X,구름 많음,1828,1669,68.0,91,39,449,1798,3626,2018,6,11,0
2018-06-12,X,구름 조금,2997,1920,841.0,236,42,1548,2550,5547,2018,6,12,1
2018-06-13,O,구름 많음,13317,11569,282.0,1466,205,0,4680,17997,2018,6,13,2
2018-06-14,X,비,962,911,13.0,38,33,62,804,1766,2018,6,14,3
2018-06-15,X,구름 조금,2311,1710,424.0,177,38,1053,2051,4362,2018,6,15,4
2018-06-16,O,구름 조금,11555,10154,181.0,1220,38,70,3652,15207,2018,6,16,5
2018-06-17,O,구름 많음,9181,7963,162.0,1056,130,30,3073,12254,2018,6,17,6
2018-06-18,X,맑음,1166,1085,20.0,61,23,192,1266,2432,2018,6,18,0
2018-06-19,X,구름 많음,2110,1078,20.0,1012,60,1222,1671,3781,2018,6,19,1
2018-06-20,X,구름 조금,1514,1297,98.0,119,56,753,1698,3212,2018,6,20,2
2018-06-21,X,맑음,1225,1173,21.0,31,25,455,1668,2893,2018,6,21,3
2018-06-22,X,구름 조금,14422,1950,11576.0,896,49,13462,1600,16022,2018,6,22,4
2018-06-23,O,구름 많음,6410,5704,82.0,624,99,61,2435,8845,2018,6,23,5
2018-06-24,O,맑음,4906,4335,76.0,495,193,30,1647,6553,2018,6,24,6
2018-06-25,X,구름 많음,1180,1116,20.0,44,94,170,1104,2284,2018,6,25,0
2018-06-26,X,비,13560,11753,769.0,1038,5,12927,206,13766,2018,6,26,1
2018-06-27,X,구름 많음,944,872,15.0,57,38,72,1042,1986,2018,6,27,2
2018-06-28,X,구름 많음,764,703,14.0,47,20,254,1205,1969,2018,6,28,3
2018-06-29,X,구름 많음,7072,1013,5884.0,175,30,6067,1028,8100,2018,6,29,4
2018-06-30,O,비,1998,1709,61.0,228,41,30,1606,3604,2018,6,30,5
2018-07-01,O,비,114,98,2.0,14,4,0,297,411,2018,7,1,6
2018-07-02,X,비,105,101,1.0,3,15,0,229,334,2018,7,2,0
2018-07-03,X,구름 많음,826,747,32.0,47,35,73,951,1777,2018,7,3,1
2018-07-04,X,구름 많음,679,620,24.0,35,47,36,889,1568,2018,7,4,2
2018-07-05,X,비,556,494,35.0,27,53,0,727,1283,2018,7,5,3
2018-07-06,X,구름 많음,1221,1072,58.0,91,51,132,1197,2418,2018,7,6,4
2018-07-07,O,구름 많음,8313,7308,165.0,840,68,99,2866,11179,2018,7,7,5
2018-07-08,O,흐림,9309,8061,191.0,1057,106,35,2898,12207,2018,7,8,6
2018-07-09,X,비,183,164,5.0,14,21,0,391,574,2018,7,9,0
2018-07-10,X,흐림,772,659,66.0,47,32,63,842,1614,2018,7,10,1
2018-07-11,X,구름 많음,680,589,36.0,55,35,31,727,1407,2018,7,11,2
2018-07-12,X,구름 조금,1665,1138,38.0,489,42,925,852,2517,2018,7,12,3
2018-07-13,X,구름 많음,664,570,52.0,42,24,84,692,1356,2018,7,13,4
2018-07-14,O,구름 조금,2638,2269,91.0,278,125,0,1280,3918,2018,7,14,5
2018-07-15,O,구름 조금,2003,1692,121.0,190,38,67,1028,3031,2018,7,15,6
2018-07-16,X,맑음,364,330,7.0,27,42,0,488,852,2018,7,16,0
2018-07-17,X,맑음,565,309,226.0,30,40,213,574,1139,2018,7,17,1
2018-07-18,X,맑음,14145,10322,3296.0,527,43,10866,552,14697,2018,7,18,2
2018-07-19,X,맑음,346,275,42.0,29,58,0,553,899,2018,7,19,3
2018-07-20,X,맑음,375,237,100.0,38,25,63,381,756,2018,7,20,4
2018-07-21,O,맑음,747,660,27.0,60,40,32,790,1537,2018,7,21,5
2018-07-22,O,구름 조금,690,597,37.0,56,129,0,538,1228,2018,7,22,6
2018-07-23,X,,295,226,,37,14,0,310,605,2018,7,23,0
2018-07-24,X,,247,168,56.0,23,26,33,269,516,2018,7,24,1
2018-07-25,X,,268,187,59.0,22,12,30,383,651,2018,7,25,2
2018-07-26,X,,340,257,41.0,42,21,0,372,712,2018,7,26,3
2018-07-27,X,구름 많음,1438,220,1181.0,37,52,1157,392,1830,2018,7,27,4
2018-07-28,O,비,703,602,21.0,80,63,70,707,1410,2018,7,28,5
2018-07-29,O,구름 조금,1157,983,46.0,128,79,0,463,1620,2018,7,29,6
2018-07-30,X,구름 많음,581,478,46.0,57,15,0,356,937,2018,7,30,0
2018-07-31,X,구름 조금,507,399,45.0,63,58,0,813,1320,2018,7,31,1
2018-08-01,X,맑음,319,253,30.0,34,13,0,288,607,2018,8,1,2
2018-08-02,X,구름 조금,424,346,39.0,39,64,0,368,792,2018,8,2,3
2018-08-03,X,구름 조금,524,474,22.0,28,113,0,177,701,2018,8,3,4
2018-08-04,O,구름 조금,975,837,35.0,103,137,0,583,1558,2018,8,4,5
2018-08-05,O,구름 많음,1088,930,38.0,120,27,0,602,1690,2018,8,5,6
2018-08-06,X,구름 많음,497,399,29.0,69,37,0,318,815,2018,8,6,0
2018-08-07,X,구름 많음,459,329,48.0,82,54,0,357,816,2018,8,7,1
2018-08-08,X,구름 많음,420,288,67.0,65,33,47,300,720,2018,8,8,2
2018-08-09,X,비,676,329,61.0,286,15,258,396,1072,2018,8,9,3
2018-08-10,X,비,432,315,51.0,66,37,0,293,725,2018,8,10,4
2018-08-11,O,구름 조금,1421,1212,50.0,159,57,0,649,2070,2018,8,11,5
2018-08-12,O,구름 많음,2409,2133,95.0,181,67,710,698,3107,2018,8,12,6
2018-08-13,X,구름 많음,532,385,34.0,113,32,30,333,865,2018,8,13,0
2018-08-14,X,구름 많음,599,283,264.0,52,5,33,344,943,2018,8,14,1
2018-08-15,O,구름 많음,1227,1006,66.0,155,36,0,563,1790,2018,8,15,2
2018-08-16,X,구름 조금,383,292,17.0,74,13,0,372,755,2018,8,16,3
2018-08-17,X,맑음,1149,668,379.0,102,19,361,541,1690,2018,8,17,4
2018-08-18,O,구름 조금,5675,4947,110.0,618,86,31,2181,7856,2018,8,18,5
2018-08-19,O,구름 많음,5613,4939,109.0,565,131,0,1707,7320,2018,8,19,6
2018-08-20,X,구름 많음,794,657,27.0,110,30,0,521,1315,2018,8,20,0
2018-08-21,X,구름 많음,653,537,23.0,93,29,0,532,1185,2018,8,21,1
2018-08-22,X,구름 조금,1020,704,15.0,301,24,432,481,1501,2018,8,22,2
2018-08-23,X,비,227,202,2.0,23,36,0,293,520,2018,8,23,3
2018-08-24,X,비,257,212,11.0,34,23,0,223,480,2018,8,24,4
2018-08-25,O,구름 많음,7588,6644,114.0,830,51,37,2670,10258,2018,8,25,5
2018-08-26,O,비,3683,3161,64.0,458,83,0,1743,5426,2018,8,26,6
2018-08-27,X,비,238,218,5.0,15,22,0,311,549,2018,8,27,0
2018-08-28,X,비,86,75,5.0,6,10,61,558,644,2018,8,28,1
2018-08-29,X,비,3963,3408,215.0,340,20,3713,379,4342,2018,8,29,2
2018-08-30,X,구름 많음,561,518,5.0,38,30,0,505,1066,2018,8,30,3
2018-08-31,X,구름 많음,1251,1114,58.0,79,8,38,1122,2373,2018,8,31,4
2018-09-01,O,구름 조금,10306,8969,132.0,1205,86,31,4876,15182,2018,9,1,5
2018-09-02,O,구름 많음,12283,10619,177.0,1487,61,0,3258,15541,2018,9,2,6
2018-09-03,X,비,183,173,1.0,9,19,51,501,684,2018,9,3,0
2018-09-04,X,구름 조금,1122,1013,16.0,93,21,151,1089,2211,2018,9,4,1
2018-09-05,X,맑음,1716,1308,360.0,48,45,352,1194,2910,2018,9,5,2
2018-09-06,X,구름 많음,1221,1143,10.0,68,27,140,1162,2383,2018,9,6,3
2018-09-07,X,구름 조금,2068,1469,537.0,62,45,825,1402,3470,2018,9,7,4
2018-09-08,O,맑음,17054,14447,190.0,2417,63,965,5049,22103,2018,9,8,5
2018-09-09,O,구름 조금,16753,14333,222.0,2198,150,44,6449,23202,2018,9,9,6
2018-09-10,X,구름 조금,2233,1567,450.0,216,29,662,1096,3329,2018,9,10,0
2018-09-11,X,구름 많음,1636,1443,19.0,174,29,536,1910,3546,2018,9,11,1
2018-09-12,X,구름 조금,1670,1315,5.0,350,24,500,1362,3032,2018,9,12,2
2018-09-13,X,구름 많음,1420,1366,9.0,45,42,321,1762,3182,2018,9,13,3
2018-09-14,X,흐림,1480,1189,108.0,183,49,793,1631,3111,2018,9,14,4
2018-09-15,O,흐림,7084,6047,156.0,881,18,995,3602,10686,2018,9,15,5
2018-09-16,O,흐림,6738,5751,156.0,831,41,121,2310,9048,2018,9,16,6
2018-09-17,X,맑음,1667,1593,11.0,63,38,69,1344,3011,2018,9,17,0
2018-09-18,X,구름 많음,1739,1299,12.0,428,44,654,1571,3310,2018,9,18,1
2018-09-19,X,구름 많음,5846,4747,329.0,770,32,5044,1487,7333,2018,9,19,2
2018-09-20,X,흐림,1175,449,1.0,725,8,1028,521,1696,2018,9,20,3
2018-09-21,X,흐림,327,296,12.0,19,6,30,414,741,2018,9,21,4
2018-09-22,O,맑음,10785,9398,193.0,1194,120,0,3516,14301,2018,9,22,5
2018-09-23,O,구름 많음,10061,8765,201.0,1095,367,0,3004,13065,2018,9,23,6
2018-09-24,O,맑음,15565,13551,413.0,1601,15,32,4096,19661,2018,9,24,0
2018-09-25,O,맑음,23063,19727,475.0,2861,296,0,6495,29558,2018,9,25,1
2018-09-26,O,구름 조금,15663,13346,308.0,2009,109,38,5468,21131,2018,9,26,2
2018-09-27,X,,3363,2444,429.0,490,35,731,1790,5153,2018,9,27,3
2018-09-28,X,,3631,1901,158.0,1572,24,2060,2279,5910,2018,9,28,4
2018-09-29,O,,15592,13378,199.0,2015,170,256,6697,22289,2018,9,29,5
2018-09-30,O,,15058,12985,175.0,1898,83,306,4810,19868,2018,9,30,6
2018-10-01,X,구름 많음,1518,1364,20.0,134,21,593,1689,3207,2018,10,1,0
2018-10-02,X,맑음,2028,1680,138.0,210,27,1321,2835,4863,2018,10,2,1
2018-10-03,O,맑음,20659,17506,245.0,2908,164,138,6790,27449,2018,10,3,2
2018-10-04,X,구름 조금,1860,1614,17.0,229,31,883,2299,4159,2018,10,4,3
2018-10-05,X,비,935,273,444.0,218,6,914,491,1426,2018,10,5,4
2018-10-06,O,비,913,800,24.0,89,14,55,442,1355,2018,10,6,5
2018-10-07,O,구름 조금,16157,13477,301.0,2379,117,66,5903,22060,2018,10,7,6
2018-10-08,X,구름 조금,7914,5534,731.0,1649,53,1062,3697,11611,2018,10,8,0
2018-10-09,O,구름 많음,19382,16005,388.0,2989,30,320,8132,27514,2018,10,9,1
2018-10-10,X,구름 조금,1752,1021,542.0,189,6,1019,1632,3384,2018,10,10,2
2018-10-11,X,구름 조금,2264,1541,229.0,494,27,2031,2807,5071,2018,10,11,3
2018-10-12,X,맑음,4783,1819,2194.0,770,40,3996,3512,8295,2018,10,12,4
2018-10-13,O,맑음,12039,10338,209.0,1492,36,1106,4602,16641,2018,10,13,5
2018-10-14,O,구름 많음,13028,10960,237.0,1831,62,52,4734,17762,2018,10,14,6
2018-10-15,X,맑음,6105,3839,250.0,2016,37,4767,1475,7580,2018,10,15,0
2018-10-16,X,구름 많음,2597,1311,709.0,577,28,1588,2264,4861,2018,10,16,1
2018-10-17,X,맑음,2754,1687,222.0,845,53,1778,3149,5903,2018,10,17,2
2018-10-18,X,비,2686,1799,123.0,764,23,1359,2460,5146,2018,10,18,3
2018-10-19,X,,8266,4349,2925.0,992,14,4282,3119,11385,2018,10,19,4
2018-10-20,O,,16658,14068,305.0,2285,76,2527,5857,22515,2018,10,20,5
2018-10-21,O,,15861,13338,361.0,2162,139,118,5505,21366,2018,10,21,6
2018-10-22,X,,2265,2041,128.0,96,65,331,2190,4455,2018,10,22,0
2018-10-23,X,비,1350,733,214.0,403,2,692,1055,2405,2018,10,23,1
2018-10-24,X,맑음,2693,2077,32.0,584,26,1102,2547,5240,2018,10,24,2
2018-10-25,X,구름 조금,3396,2549,202.0,645,10,1475,3266,6662,2018,10,25,3
2018-10-26,X,비,13684,10467,1122.0,2095,8,13007,602,14286,2018,10,26,4
2018-10-27,O,구름 많음,14941,11443,402.0,3096,107,7691,6620,21561,2018,10,27,5
2018-10-28,O,비,3568,3067,118.0,383,29,0,1348,4916,2018,10,28,6
2018-10-29,X,구름 많음,1550,1405,39.0,106,11,690,1792,3342,2018,10,29,0
2018-10-30,X,구름 조금,1727,1351,27.0,349,3,761,2059,3786,2018,10,30,1
2018-10-31,X,맑음,3799,1303,2282.0,214,48,1041,1931,5730,2018,10,31,2
2018-11-01,X,맑음,1581,1323,60.0,198,31,890,2342,3923,2018,11,1,3
2018-11-02,X,맑음,3208,2486,320.0,402,41,1250,1944,5152,2018,11,2,4
2018-11-03,O,맑음,11573,9817,231.0,1525,152,436,5053,16626,2018,11,3,5
2018-11-04,O,구름 조금,12125,10223,307.0,1595,79,195,3778,15903,2018,11,4,6
2018-11-05,X,구름 조금,1342,1267,12.0,63,18,30,1438,2780,2018,11,5,0
2018-11-06,X,구름 많음,838,689,48.0,101,23,136,1270,2108,2018,11,6,1
2018-11-07,X,흐림,558,495,3.0,60,6,226,763,1321,2018,11,7,2
2018-11-08,X,비,249,106,140.0,3,4,205,327,576,2018,11,8,3
2018-11-09,X,구름 조금,1727,916,525.0,286,32,880,1195,2922,2018,11,9,4
2018-11-10,O,맑음,4053,3376,132.0,545,87,288,2180,6233,2018,11,10,5
2018-11-11,O,비,3750,3061,236.0,453,13,677,1454,5204,2018,11,11,6
2018-11-12,X,맑음,1129,981,15.0,133,27,86,1187,2316,2018,11,12,0
2018-11-13,X,맑음,896,844,9.0,43,10,30,1348,2244,2018,11,13,1
2018-11-14,X,맑음,970,859,75.0,36,14,50,1249,2219,2018,11,14,2
2018-11-15,X,구름 많음,971,758,144.0,69,19,81,940,1911,2018,11,15,3
2018-11-16,X,구름 많음,750,674,44.0,32,11,151,876,1626,2018,11,16,4
2018-11-17,O,구름 많음,4722,4052,117.0,553,51,137,1937,6659,2018,11,17,5
2018-11-18,O,구름 많음,4689,4023,111.0,555,30,0,1715,6404,2018,11,18,6
2018-11-19,X,구름 조금,584,544,14.0,26,15,73,799,1383,2018,11,19,0
2018-11-20,X,맑음,508,480,8.0,20,27,0,919,1427,2018,11,20,1
2018-11-21,X,비,315,277,32.0,6,4,151,578,893,2018,11,21,2
2018-11-22,X,맑음,4251,553,25.0,3673,29,3809,713,4964,2018,11,22,3
2018-11-23,X,맑음,466,396,37.0,33,21,0,742,1208,2018,11,23,4
2018-11-24,O,구름 많음,700,625,14.0,61,20,0,704,1404,2018,11,24,5
2018-11-25,O,구름 조금,2318,1996,70.0,252,50,67,1381,3699,2018,11,25,6
2018-11-26,X,맑음,439,411,12.0,16,23,0,730,1169,2018,11,26,0
2018-11-27,X,구름 많음,297,223,65.0,9,8,33,626,923,2018,11,27,1
2018-11-28,X,구름 조금,241,206,23.0,12,2,32,654,895,2018,11,28,2
2018-11-29,X,구름 많음,7705,7646,18.0,41,16,7527,767,8472,2018,11,29,3
2018-11-30,X,구름 조금,398,311,42.0,45,30,30,589,987,2018,11,30,4
2018-12-01,O,맑음,2440,2106,35.0,299,46,28,1565,4005,2018,12,1,5
2018-12-02,O,흐림,2221,1851,80.0,290,26,0,1160,3381,2018,12,2,6
2018-12-03,X,흐림,55,44,10.0,1,0,0,301,356,2018,12,3,0
2018-12-04,X,구름 많음,144,116,23.0,5,4,0,466,610,2018,12,4,1
2018-12-05,X,구름 많음,213,150,7.0,56,19,43,602,815,2018,12,5,2
2018-12-06,X,구름 많음,185,161,18.0,6,0,0,693,878,2018,12,6,3
2018-12-07,X,구름 조금,130,81,29.0,20,18,0,310,440,2018,12,7,4
2018-12-08,O,구름 조금,323,200,14.0,109,13,79,484,807,2018,12,8,5
2018-12-09,O,구름 조금,263,227,18.0,18,10,0,545,808,2018,12,9,6
2018-12-10,X,맑음,125,102,17.0,6,9,0,428,553,2018,12,10,0
2018-12-11,X,흐림,326,64,248.0,14,0,0,671,997,2018,12,11,1
2018-12-12,X,맑음,1552,959,156.0,437,6,121,537,2089,2018,12,12,2
2018-12-13,X,구름 조금,464,82,373.0,9,5,359,390,854,2018,12,13,3
2018-12-14,X,맑음,96,80,12.0,4,7,0,360,456,2018,12,14,4
2018-12-15,O,구름 조금,594,465,66.0,63,22,0,787,1381,2018,12,15,5
2018-12-16,O,흐림,429,359,18.0,52,14,0,705,1134,2018,12,16,6
2018-12-17,X,맑음,159,148,4.0,7,15,0,497,656,2018,12,17,0
2018-12-18,X,구름 조금,177,143,24.0,10,22,0,684,861,2018,12,18,1
2018-12-19,X,구름 조금,207,173,29.0,5,0,36,602,809,2018,12,19,2
2018-12-20,X,구름 조금,269,202,55.0,12,13,0,607,876,2018,12,20,3
2018-12-21,X,구름 많음,1102,162,932.0,8,1,0,528,1630,2018,12,21,4
2018-12-22,O,구름 조금,972,816,80.0,76,23,41,1010,1982,2018,12,22,5
2018-12-23,O,맑음,1638,1422,52.0,164,41,32,1310,2948,2018,12,23,6
2018-12-24,X,맑음,499,451,18.0,30,19,0,483,982,2018,12,24,0
2018-12-25,O,흐림,1709,1427,165.0,117,28,0,693,2402,2018,12,25,1
2018-12-26,X,구름 조금,250,223,10.0,17,23,0,502,752,2018,12,26,2
2018-12-27,X,맑음,3498,2960,33.0,505,10,3422,445,3943,2018,12,27,3
2018-12-28,X,맑음,70,59,7.0,4,14,0,287,357,2018,12,28,4
2018-12-29,O,맑음,238,198,13.0,27,27,0,496,734,2018,12,29,5
2018-12-30,O,맑음,449,371,21.0,57,37,0,466,915,2018,12,30,6
2018-12-31,X,맑음,390,343,22.0,25,17,0,444,834,2018,12,31,0
2019-01-01,X,구름 조금,919,776,48.0,95,54,0,605,1524,2019,1,1,1
2019-01-02,X,맑음,175,147,14.0,14,11,0,459,634,2019,1,2,2
2019-01-03,X,맑음,182,153,8.0,21,16,0,595,777,2019,1,3,3
2019-01-04,X,구름 많음,181,144,14.0,23,3,0,509,690,2019,1,4,4
2019-01-05,O,,740,621,32.0,87,16,0,861,1601,2019,1,5,5
2019-01-06,O,,1013,842,34.0,137,17,0,1044,2057,2019,1,6,6
2019-01-07,X,,213,158,8.0,47,26,0,560,773,2019,1,7,0
2019-01-08,X,,152,125,12.0,15,5,0,652,804,2019,1,8,1
2019-01-09,X,구름 많음,100,82,10.0,8,7,0,429,529,2019,1,9,2
2019-01-10,X,구름 많음,203,159,19.0,25,16,31,636,839,2019,1,10,3
2019-01-11,X,,248,198,26.0,24,29,0,566,814,2019,1,11,4
2019-01-12,O,맑음,839,713,42.0,84,5,30,1016,1855,2019,1,12,5
2019-01-13,O,,887,763,31.0,93,56,30,793,1680,2019,1,13,6
2019-01-14,X,,112,93,11.0,8,5,0,321,433,2019,1,14,0
2019-01-15,X,,119,94,11.0,14,5,0,374,493,2019,1,15,1
2019-01-16,X,맑음,169,141,11.0,17,12,0,505,674,2019,1,16,2
2019-01-17,X,맑음,544,366,18.0,160,9,301,676,1220,2019,1,17,3
2019-01-18,X,맑음,238,180,20.0,38,6,0,572,810,2019,1,18,4
2019-01-19,O,흐림,886,737,36.0,113,21,0,852,1738,2019,1,19,5
2019-01-20,O,맑음,1139,970,28.0,141,14,0,925,2064,2019,1,20,6
2019-01-21,X,구름 조금,214,147,24.0,43,6,0,517,731,2019,1,21,0
2019-01-22,X,구름 조금,300,257,17.0,26,4,38,688,988,2019,1,22,1
2019-01-23,X,맑음,213,172,11.0,30,11,0,543,756,2019,1,23,2
2019-01-24,X,구름 조금,290,231,12.0,47,4,0,720,1010,2019,1,24,3
2019-01-25,X,,256,198,25.0,33,16,0,626,882,2019,1,25,4
2019-01-26,O,,885,736,35.0,114,11,73,1138,2023,2019,1,26,5
2019-01-27,O,,1400,1197,42.0,161,32,0,991,2391,2019,1,27,6
2019-01-28,X,,223,191,12.0,20,7,0,480,703,2019,1,28,0
2019-01-29,X,구름 조금,313,267,20.0,26,22,0,625,938,2019,1,29,1
2019-01-30,X,구름 많음,215,173,24.0,18,10,0,501,716,2019,1,30,2
2019-01-31,X,구름 많음,1089,888,29.0,172,11,934,535,1624,2019,1,31,3
2019-02-01,X,맑음,168,137,15.0,16,15,0,458,626,2019,2,1,4
2019-02-02,O,구름 많음,780,678,24.0,78,30,32,850,1630,2019,2,2,5
2019-02-03,O,비,148,129,6.0,13,1,30,257,405,2019,2,3,6
2019-02-04,O,,1883,1631,59.0,193,78,0,667,2550,2019,2,4,0
2019-02-05,O,,3064,2619,101.0,344,200,30,791,3855,2019,2,5,1
2019-02-06,O,,2453,2057,98.0,298,83,0,1593,4046,2019,2,6,2
2019-02-07,X,구름 조금,433,338,13.0,82,9,0,563,996,2019,2,7,3
2019-02-08,X,,395,143,203.0,49,11,192,376,771,2019,2,8,4
2019-02-09,O,맑음,910,745,40.0,125,21,63,861,1771,2019,2,9,5
2019-02-10,O,구름 많음,849,702,54.0,93,44,0,803,1652,2019,2,10,6
2019-02-11,X,맑음,231,183,18.0,30,9,0,501,732,2019,2,11,0
2019-02-12,X,구름 조금,270,221,23.0,26,30,0,771,1041,2019,2,12,1
2019-02-13,X,맑음,254,199,22.0,33,12,0,663,917,2019,2,13,2
2019-02-14,X,구름 많음,706,448,33.0,225,27,0,584,1290,2019,2,14,3
2019-02-15,X,흐림,130,109,11.0,10,1,0,457,587,2019,2,15,4
2019-02-16,O,맑음,987,810,47.0,130,22,0,902,1889,2019,2,16,5
2019-02-17,O,맑음,1788,1507,44.0,237,50,0,1046,2834,2019,2,17,6
2019-02-18,X,,520,394,42.0,84,34,0,564,1084,2019,2,18,0
2019-02-19,X,,106,80,10.0,16,6,0,408,514,2019,2,19,1
2019-02-20,X,,250,194,27.0,29,9,0,582,832,2019,2,20,2
2019-02-21,X,맑음,374,288,33.0,53,10,0,624,998,2019,2,21,3
2019-02-22,X,구름 많음,373,302,35.0,36,9,0,632,1005,2019,2,22,4
2019-02-23,O,맑음,2638,2259,88.0,291,26,2,1448,4086,2019,2,23,5
2019-02-24,O,,5261,4393,165.0,703,118,0,2205,7466,2019,2,24,6
2019-02-25,X,,750,580,46.0,124,29,35,678,1428,2019,2,25,0
2019-02-26,X,,1273,1002,67.0,204,14,0,1012,2285,2019,2,26,1
2019-02-27,X,구름 많음,1716,1283,63.0,370,23,529,879,2595,2019,2,27,2
2019-02-28,X,구름 조금,1210,919,81.0,210,2,0,925,2135,2019,2,28,3
2019-03-01,O,,4730,3868,206.0,656,23,107,1534,6264,2019,3,1,4
2019-03-02,O,,4064,3358,156.0,550,56,0,1427,5491,2019,3,2,5
2019-03-03,O,,3160,2703,135.0,322,21,0,1233,4393,2019,3,3,6
2019-03-04,X,,356,338,9.0,9,2,0,466,822,2019,3,4,0
2019-03-05,X,구름 많음,213,208,2.0,3,16,0,436,649,2019,3,5,1
2019-03-06,X,구름 많음,130,127,0.0,3,2,0,383,513,2019,3,6,2
2019-03-07,X,,516,505,4.0,7,4,0,680,1196,2019,3,7,3
2019-03-08,X,,792,764,2.0,26,18,0,830,1622,2019,3,8,4
2019-03-09,O,,12602,11023,157.0,1422,52,74,5231,17833,2019,3,9,5
2019-03-10,O,,6387,5512,86.0,789,42,0,2867,9254,2019,3,10,6
2019-03-11,X,,420,399,8.0,13,10,0,605,1025,2019,3,11,0
2019-03-12,X,,741,462,0.0,279,13,603,585,1326,2019,3,12,1
2019-03-13,X,,361,347,5.0,9,1,33,703,1064,2019,3,13,2
2019-03-14,X,,492,469,2.0,21,21,0,859,1351,2019,3,14,3
2019-03-15,X,눈/비,397,296,1.0,100,16,128,566,963,2019,3,15,4
2019-03-16,O,구름 많음,5645,4774,81.0,790,68,98,3077,8722,2019,3,16,5
2019-03-17,O,,12169,10313,199.0,1657,51,30,3549,15718,2019,3,17,6
2019-03-18,X,,1055,1019,5.0,31,33,0,890,1945,2019,3,18,0
2019-03-19,X,,973,939,4.0,30,3,31,1104,2077,2019,3,19,1
2019-03-20,X,흐림,253,212,34.0,7,0,0,506,759,2019,3,20,2
2019-03-21,X,구름 많음,446,373,1.0,72,13,60,698,1144,2019,3,21,3
2019-03-22,X,맑음,668,634,11.0,23,36,0,809,1477,2019,3,22,4
2019-03-23,O,눈/비,2097,1760,44.0,293,42,0,1465,3562,2019,3,23,5
2019-03-24,O,맑음,10039,8502,161.0,1376,74,35,2748,12787,2019,3,24,6
2019-03-25,X,구름 많음,768,725,8.0,35,5,0,770,1538,2019,3,25,0
2019-03-26,X,구름 조금,791,739,13.0,39,31,0,953,1744,2019,3,26,1
2019-03-27,X,구름 많음,504,464,10.0,30,21,0,613,1117,2019,3,27,2
2019-03-28,X,구름 많음,761,687,46.0,28,35,108,904,1665,2019,3,28,3
2019-03-29,X,구름 조금,1644,1447,120.0,77,14,188,1226,2870,2019,3,29,4
2019-03-30,O,흐림,1539,1326,44.0,169,29,115,913,2452,2019,3,30,5
2019-03-31,O,구름 조금,3061,2563,111.0,387,53,0,1357,4418,2019,3,31,6
