,날짜,요일,공휴일,날씨,어른,청소년,어린이,외국인,단체,총입장객수,연,월,일,매출액
0,2016-01-01,금,O,구름 조금,2799,141.0,419,47,0,4382,2016,1,1,33590000
1,2016-01-02,토,O,구름 많음,4370,203.0,600,100,111,7265,2016,1,2,51730000
2,2016-01-03,일,O,구름 많음,2571,128.0,309,91,0,4557,2016,1,3,30080000
3,2016-01-04,월,X,구름 많음,602,463.0,235,51,223,1690,2016,1,4,8900000
4,2016-01-05,화,X,구름 많음,319,35.0,62,43,47,1256,2016,1,5,4160000
5,2016-01-06,수,X,구름 조금,277,41.0,49,34,0,1174,2016,1,6,3670000
6,2016-01-07,목,X,맑음,250,23.0,36,13,0,1044,2016,1,7,3090000
7,2016-01-08,금,X,구름 조금,251,28.0,36,30,0,926,2016,1,8,3150000
8,2016-01-09,토,O,구름 많음,1227,78.0,113,47,80,2640,2016,1,9,14180000
9,2016-01-10,일,O,구름 많음,1839,96.0,276,34,61,3604,2016,1,10,22110000
10,2016-01-11,월,X,구름 조금,268,40.0,60,23,0,996,2016,1,11,3680000
11,2016-01-12,화,X,구름 조금,531,27.0,304,12,614,1642,2016,1,12,8620000
12,2016-01-13,수,X,구름 많음,192,21.0,27,24,0,1007,2016,1,13,2400000
13,2016-01-14,목,X,구름 조금,200,37.0,15,13,5,872,2016,1,14,2520000
14,2016-01-15,금,X,구름 조금,253,35.0,51,14,0,1047,2016,1,15,3390000
15,2016-01-16,토,O,구름 많음,1395,97.0,228,23,167,2997,2016,1,16,17200000
16,2016-01-17,일,O,흐림,1954,94.0,265,9,30,3448,2016,1,17,23130000
17,2016-01-18,월,X,구름 많음,162,29.0,25,9,0,808,2016,1,18,2160000
18,2016-01-19,화,X,맑음,61,9.0,8,13,0,300,2016,1,19,780000
19,2016-01-20,수,X,맑음,69,7.0,6,17,0,422,2016,1,20,820000
20,2016-01-21,목,X,구름 많음,119,15.0,19,3,0,627,2016,1,21,1530000
21,2016-01-22,금,X,구름 조금,81,32.0,15,6,0,586,2016,1,22,1280000
22,2016-01-23,토,O,구름 조금,198,80.0,18,6,71,890,2016,1,23,2960000
23,2016-01-24,일,O,구름 조금,110,9.0,9,23,0,324,2016,1,24,1280000
24,2016-01-25,월,X,맑음,58,10.0,4,5,0,422,2016,1,25,720000
25,2016-01-26,화,X,눈/비,123,11.0,16,10,0,758,2016,1,26,1500000
26,2016-01-27,수,X,구름 조금,287,61.0,46,29,0,1218,2016,1,27,3940000
27,2016-01-28,목,X,구름 많음,290,46.0,34,9,0,1146,2016,1,28,3700000
28,2016-01-29,금,X,흐림,663,50.0,361,46,571,1777,2016,1,29,10740000
29,2016-01-30,토,O,구름 조금,2266,146.0,243,72,0,4128,2016,1,30,26550000
30,2016-01-31,일,O,구름 조금,1304,57.0,149,28,0,2584,2016,1,31,15100000
31,2016-02-01,월,X,맑음,188,3033.0,17,18,3000,3746,2016,2,1,32380000
32,2016-02-02,화,X,맑음,166,2023.0,10,8,2000,2927,2016,2,2,21990000
33,2016-02-03,수,X,구름 조금,264,23.0,9,32,0,1130,2016,2,3,2960000
34,2016-02-04,목,X,구름 조금,319,31.0,21,28,0,1120,2016,2,4,3710000
35,2016-02-05,금,X,구름 조금,234,41.0,29,14,0,840,2016,2,5,3040000
36,2016-02-06,토,O,맑음,924,53.0,105,40,0,2058,2016,2,6,10820000
37,2016-02-07,일,O,맑음,1251,74.0,127,191,0,2128,2016,2,7,14520000
38,2016-02-08,월,O,구름 많음,2286,123.0,245,429,0,3221,2016,2,8,26540000
39,2016-02-09,화,O,맑음,4610,223.0,620,209,0,7060,2016,2,9,54530000
40,2016-02-10,수,O,맑음,6037,251.0,792,141,0,9949,2016,2,10,70800000
41,2016-02-11,목,X,구름 많음,1545,113.0,419,98,671,3098,2016,2,11,20770000
42,2016-02-12,금,X,눈/비,74,17.0,6,0,0,357,2016,2,12,970000
43,2016-02-13,토,O,흐림,1401,41.0,167,54,45,2742,2016,2,13,16090000
44,2016-02-14,일,O,흐림,862,83.0,108,63,0,2042,2016,2,14,10530000
45,2016-02-15,월,X,맑음,194,463.0,29,39,0,696,2016,2,15,2500000
46,2016-02-16,화,X,구름 많음,178,25.0,32,40,0,994,2016,2,16,2350000
47,2016-02-17,수,X,맑음,440,93.0,46,21,0,1429,2016,2,17,5790000
48,2016-02-18,목,X,구름 많음,529,83.0,86,68,0,1622,2016,2,18,6980000
49,2016-02-19,금,X,구름 많음,555,98.0,84,26,0,1630,2016,2,19,7370000
50,2016-02-20,토,O,구름 조금,3926,193.0,599,45,73,6626,2016,2,20,47180000
51,2016-02-21,일,O,맑음,2911,157.0,439,89,0,5102,2016,2,21,35070000
52,2016-02-22,월,X,흐림,522,74.0,97,8,0,1398,2016,2,22,6930000
53,2016-02-23,화,X,구름 많음,559,106.0,150,32,65,1726,2016,2,23,8150000
54,2016-02-24,수,X,맑음,371,82.0,89,19,33,1333,2016,2,24,5420000
55,2016-02-25,목,X,구름 조금,524,80.0,119,15,0,1538,2016,2,25,7230000
56,2016-02-26,금,X,구름 조금,992,194.0,189,19,69,2519,2016,2,26,13750000
57,2016-02-27,토,O,구름 많음,3990,197.0,611,0,175,6519,2016,2,27,47980000
58,2016-02-28,일,O,구름 많음,2748,153.0,465,51,0,4970,2016,2,28,33660000
59,2016-02-29,월,X,구름 조금,476,92.0,106,27,0,1233,2016,2,29,6740000
60,2016-03-01,화,O,맑음,2450,198.0,289,31,104,4507,2016,3,1,29370000
61,2016-03-02,수,X,구름 조금,878,21.0,272,8,605,2146,2016,3,2,11710000
62,2016-03-03,목,X,흐림,721,2.0,10,20,0,1783,2016,3,3,7330000
63,2016-03-04,금,X,흐림,1572,16.0,41,2,63,2783,2016,3,4,16290000
64,2016-03-05,토,O,흐림,495,12.0,61,10,0,1405,2016,3,5,5680000
65,2016-03-06,일,O,구름 많음,7669,219.0,909,108,0,11564,2016,3,6,87970000
66,2016-03-07,월,X,구름 많음,683,5.0,17,21,0,1480,2016,3,7,7050000
67,2016-03-08,화,X,,465,10007.0,8,8,10000,11521,2016,3,8,104800000
68,2016-03-09,수,X,,384,2.0,7,41,0,1255,2016,3,9,3930000
69,2016-03-10,목,X,,283,0.0,11,14,30,1184,2016,3,10,2940000
70,2016-03-11,금,X,,975,12.0,582,21,1209,2305,2016,3,11,15690000
71,2016-03-12,토,O,흐림,4427,171.0,653,55,86,7460,2016,3,12,52510000
72,2016-03-13,일,O,흐림,3897,125.0,535,87,100,6352,2016,3,13,45570000
73,2016-03-14,월,X,구름 많음,1175,10.0,30,57,0,2385,2016,3,14,12150000
74,2016-03-15,화,X,맑음,1205,10.0,23,53,41,2541,2016,3,15,12380000
75,2016-03-16,수,X,구름 조금,1465,7.0,41,40,0,2697,2016,3,16,15130000
76,2016-03-17,목,X,구름 조금,1270,37.0,35,36,62,2529,2016,3,17,13420000
77,2016-03-18,금,X,흐림,1663,13.0,48,29,0,2836,2016,3,18,17360000
78,2016-03-19,토,O,구름 조금,22735,422.0,2990,112,178,33131,2016,3,19,264480000
79,2016-03-20,일,O,구름 조금,22947,535.0,3370,176,0,34360,2016,3,20,270930000
80,2016-03-21,월,X,맑음,2223,14.0,70,58,0,3537,2016,3,21,23580000
81,2016-03-22,화,X,구름 조금,1755,20.0,41,74,53,3338,2016,3,22,18320000
82,2016-03-23,수,X,구름 조금,1365,58.0,69,22,57,2787,2016,3,23,15530000
83,2016-03-24,목,X,맑음,1223,37.0,61,50,63,2438,2016,3,24,13220000
84,2016-03-25,금,X,구름 조금,1705,79.0,85,65,38,3291,2016,3,25,19990000
85,2016-03-26,토,O,맑음,14114,408.0,2094,192,62,21748,2016,3,26,169580000
86,2016-03-27,일,O,맑음,20041,487.0,2860,205,60,30489,2016,3,27,236100000
87,2016-03-28,월,X,맑음,2477,85.0,86,97,131,4136,2016,3,28,26660000
88,2016-03-29,화,X,구름 많음,1013,29.0,91,47,62,2248,2016,3,29,11330000
89,2016-03-30,수,X,구름 많음,2135,1195.0,341,70,1834,4857,2016,3,30,37400000
90,2016-03-31,목,X,구름 많음,2494,406.0,152,100,393,4758,2016,3,31,31740000
91,2016-04-01,금,X,맑음,4131,1210.0,274,47,1158,7537,2016,4,1,57300000
92,2016-04-02,토,O,구름 조금,26605,561.0,3643,169,201,37787,2016,4,2,314070000
93,2016-04-03,일,O,흐림,6498,347.0,959,141,785,9952,2016,4,3,80380000
94,2016-04-04,월,X,구름 조금,4219,52.0,188,59,105,6813,2016,4,4,45150000
95,2016-04-05,화,X,맑음,4278,75.0,116,79,343,7452,2016,4,5,46520000
96,2016-04-06,수,X,구름 조금,4467,1202.0,252,50,1928,9032,2016,4,6,59730000
97,2016-04-07,목,X,눈/비,2638,117.0,69,72,379,5013,2016,4,7,28630000
98,2016-04-08,금,X,구름 조금,5984,1187.0,232,94,1730,11370,2016,4,8,77310000
99,2016-04-09,토,O,구름 많음,20664,825.0,2840,226,214,32879,2016,4,9,250270000
100,2016-04-10,일,O,구름 많음,22441,936.0,3192,446,176,33139,2016,4,10,269120000
101,2016-04-11,월,X,맑음,5223,2145.0,424,97,2583,11313,2016,4,11,79480000
102,2016-04-12,화,X,구름 많음,4595,2101.0,289,89,3684,12028,2016,4,12,71460000
103,2016-04-13,수,O,눈/비,17011,708.0,2795,172,97,26405,2016,4,13,209150000
104,2016-04-14,목,X,구름 많음,2683,778.0,444,125,1814,7079,2016,4,14,41290000
105,2016-04-15,금,X,맑음,4904,2614.0,2028,115,6692,14228,2016,4,15,97460000
106,2016-04-16,토,O,구름 많음,8454,268.0,1331,162,549,14154,2016,4,16,104100000
107,2016-04-17,일,O,구름 많음,9618,278.0,1335,160,90,14205,2016,4,17,114450000
108,2016-04-18,월,X,구름 조금,2591,17.0,387,64,660,5862,2016,4,18,33220000
109,2016-04-19,화,X,구름 조금,2721,5064.0,1087,26,6926,12051,2016,4,19,89720000
110,2016-04-20,수,X,,1890,10.0,567,76,1854,6493,2016,4,20,25620000
111,2016-04-21,목,X,,966,57.0,1155,19,1482,3489,2016,4,21,22450000
112,2016-04-22,금,X,,2971,208.0,1158,23,4091,9794,2016,4,22,45620000
113,2016-04-23,토,O,,8874,155.0,1383,220,996,14361,2016,4,23,109210000
114,2016-04-24,일,O,,13281,217.0,2019,516,748,19642,2016,4,24,158830000
115,2016-04-25,월,X,맑음,2564,10248.0,3649,75,15073,19979,2016,4,25,166160000
116,2016-04-26,화,X,,2805,2217.0,1849,61,5832,11099,2016,4,26,69990000
117,2016-04-27,수,X,구름 많음,3451,261.0,1233,56,4548,9335,2016,4,27,53180000
118,2016-04-28,목,X,,2821,421.0,1119,67,5376,11151,2016,4,28,44980000
119,2016-04-29,금,X,,4320,3724.0,1321,53,7273,15084,2016,4,29,102450000
120,2016-04-30,토,O,,13675,431.0,2050,343,1585,21736,2016,4,30,168310000
121,2016-05-01,일,O,구름 조금,21986,570.0,3074,399,367,31290,2016,5,1,256300000
122,2016-05-02,월,X,구름 많음,2712,57.0,3538,50,3626,7756,2016,5,2,63070000
123,2016-05-03,화,X,,76,321.0,3,2,315,754,2016,5,3,4000000
124,2016-05-04,수,X,,2649,4659.0,395,139,5942,11015,2016,5,4,77030000
125,2016-05-05,목,O,,38511,1708.0,0,476,35,58688,2016,5,5,402190000
126,2016-05-06,금,O,눈/비,4764,416.0,1031,61,0,8162,2016,5,6,62110000
127,2016-05-07,토,O,,16823,1083.0,2843,303,221,26612,2016,5,7,207490000
128,2016-05-08,일,O,구름 조금,13315,571.0,1652,409,97,19719,2016,5,8,155380000
129,2016-05-09,월,X,구름 많음,2403,1823.0,418,24,2296,6883,2016,5,9,46440000
130,2016-05-10,화,X,,330,781.0,345,3,1365,2258,2016,5,10,14560000
131,2016-05-11,수,X,,2654,813.0,375,61,2647,7812,2016,5,11,38420000
132,2016-05-12,목,X,,5174,3651.0,2630,91,11190,17015,2016,5,12,114550000
133,2016-05-13,금,X,,3870,6565.0,1184,87,10016,17536,2016,5,13,116190000
134,2016-05-14,토,O,구름 조금,23106,743.0,3225,262,415,33879,2016,5,14,270740000
135,2016-05-15,일,O,구름 많음,8826,364.0,1338,212,231,14485,2016,5,15,105280000
136,2016-05-16,월,X,,2451,30.0,340,72,1026,5422,2016,5,16,28210000
137,2016-05-17,화,X,맑음,3392,23.0,671,120,2199,8423,2016,5,17,40860000
138,2016-05-18,수,X,,2629,119.0,625,68,2343,7567,2016,5,18,33730000
139,2016-05-19,목,X,맑음,2497,2063.0,515,30,5026,10067,2016,5,19,50750000
140,2016-05-20,금,X,맑음,2909,13147.0,1653,103,17416,23976,2016,5,20,177090000
141,2016-05-21,토,O,,15551,513.0,2505,312,5595,24125,2016,5,21,185690000
142,2016-05-22,일,O,,12990,436.0,1376,390,308,19183,2016,5,22,148020000
143,2016-05-23,월,X,,2764,193.0,83,36,824,5807,2016,5,23,30400000
144,2016-05-24,화,X,,744,2631.0,91,63,2984,4843,2016,5,24,34660000
145,2016-05-25,수,X,구름 많음,3069,210.0,432,92,2491,8512,2016,5,25,37110000
146,2016-05-26,목,X,구름 많음,2620,3099.0,115,69,5220,11009,2016,5,26,58340000
147,2016-05-27,금,X,,4919,3098.0,377,145,5554,13374,2016,5,27,83940000
148,2016-05-28,토,O,,19064,646.0,2164,388,1819,30005,2016,5,28,218740000
149,2016-05-29,일,O,흐림,20954,776.0,2055,918,465,30541,2016,5,29,237850000
150,2016-05-30,월,X,,3846,41.0,178,228,389,6632,2016,5,30,40650000
151,2016-05-31,화,X,,3920,443.0,280,188,1790,8769,2016,5,31,46430000
152,2016-06-01,수,X,,3592,191.0,163,170,1093,7759,2016,6,1,39460000
153,2016-06-02,목,X,,4872,697.0,1528,77,4663,11292,2016,6,2,70970000
154,2016-06-03,금,X,구름 조금,4168,4882.0,186,163,5631,12877,2016,6,3,92360000
155,2016-06-04,토,O,,23308,727.0,2755,397,389,33802,2016,6,4,267900000
156,2016-06-05,일,O,구름 조금,28943,1079.0,3482,729,190,41743,2016,6,5,335040000
157,2016-06-06,월,O,,26358,1423.0,3249,498,392,39271,2016,6,6,310300000
158,2016-06-07,화,X,흐림,3086,424.0,606,178,1378,7333,2016,6,7,41160000
159,2016-06-08,수,X,구름 많음,2743,40.0,85,96,1023,6171,2016,6,8,28680000
160,2016-06-09,목,X,구름 조금,2231,286.0,52,57,993,5514,2016,6,9,25690000
161,2016-06-10,금,X,,2451,1705.0,653,161,3476,8010,2016,6,10,48090000
162,2016-06-11,토,O,,10669,288.0,1149,285,996,15784,2016,6,11,121060000
163,2016-06-12,일,O,,9668,243.0,902,339,157,14106,2016,6,12,108130000
164,2016-06-13,월,X,,1808,6.0,153,36,522,3884,2016,6,13,19670000
165,2016-06-14,화,X,,1355,8.0,149,88,466,3647,2016,6,14,15120000
166,2016-06-15,수,X,,256,3.0,9,42,76,846,2016,6,15,2680000
167,2016-06-16,목,X,,2417,21.0,122,66,1571,4572,2016,6,16,25600000
168,2016-06-17,금,X,,1900,35.0,231,87,843,4479,2016,6,17,21660000
169,2016-06-18,토,O,,8888,169.0,1076,191,375,13938,2016,6,18,101330000
170,2016-06-19,일,O,,8472,165.0,949,311,32,12939,2016,6,19,95860000
171,2016-06-20,월,X,,2239,28.0,598,91,94,4391,2016,6,20,28650000
172,2016-06-21,화,X,,1181,16.0,33,105,305,2767,2016,6,21,12300000
173,2016-06-22,수,X,,508,43.0,28,51,104,1610,2016,6,22,5790000
174,2016-06-23,목,X,,1572,22.0,198,48,472,3664,2016,6,23,17920000
175,2016-06-24,금,X,,629,6.0,33,45,110,1505,2016,6,24,6680000
176,2016-06-25,토,O,구름 많음,9060,127.0,1026,141,123,13799,2016,6,25,102130000
177,2016-06-26,일,O,,8405,116.0,943,242,65,13252,2016,6,26,94640000
178,2016-06-27,월,X,,1603,42.0,68,72,90,3038,2016,6,27,17130000
179,2016-06-28,화,X,,1283,51.0,86,146,168,2618,2016,6,28,14200000
180,2016-06-29,수,X,구름 많음,1224,21.0,73,48,45,2438,2016,6,29,13180000
181,2016-06-30,목,X,눈/비,1120,29.0,53,62,185,2357,2016,6,30,12020000
182,2016-07-01,금,X,눈/비,1182,16.0,802,57,1675,2712,2016,7,1,20000000
183,2016-07-02,토,O,,5707,71.0,678,170,0,9126,2016,7,2,64560000
184,2016-07-03,일,O,흐림,7175,61.0,816,253,0,10843,2016,7,3,80520000
185,2016-07-04,월,X,눈/비,179,5.0,21,65,0,677,2016,7,4,2050000
186,2016-07-05,화,X,,27,45.0,1,4,35,255,2016,7,5,730000
187,2016-07-06,수,X,,807,92.0,85,31,0,1843,2016,7,6,9840000
188,2016-07-07,목,X,눈/비,851,64.0,129,106,103,2035,2016,7,7,10440000
189,2016-07-08,금,X,구름 조금,1281,286.0,78,98,215,3098,2016,7,8,16450000
190,2016-07-09,토,O,구름 조금,3066,166.0,294,187,71,5459,2016,7,9,35260000
191,2016-07-10,일,O,구름 많음,2700,155.0,282,140,0,4688,2016,7,10,31370000
192,2016-07-11,월,X,구름 많음,643,25.0,53,56,46,1587,2016,7,11,7210000
193,2016-07-12,화,X,눈/비,493,10208.0,34,81,10162,11688,2016,7,12,107350000
194,2016-07-13,수,X,구름 많음,914,2134.0,68,53,2169,4057,2016,7,13,31160000
195,2016-07-14,목,X,구름 많음,787,243.0,68,76,245,2097,2016,7,14,10980000
196,2016-07-15,금,X,흐림,904,105.0,1179,70,30,3112,2016,7,15,21880000
197,2016-07-16,토,O,눈/비,356,11.0,44,20,0,1002,2016,7,16,4110000
198,2016-07-17,일,O,흐림,6192,178.0,750,242,0,9518,2016,7,17,71200000
199,2016-07-18,월,X,구름 많음,1502,49.0,121,125,67,2853,2016,7,18,16720000
200,2016-07-19,화,X,구름 조금,946,112.0,89,182,119,2267,2016,7,19,11470000
201,2016-07-20,수,X,구름 많음,674,57.0,90,108,0,1708,2016,7,20,8210000
202,2016-07-21,목,X,구름 많음,745,90.0,90,63,0,1839,2016,7,21,9250000
203,2016-07-22,금,X,구름 많음,547,78.0,52,78,0,1400,2016,7,22,6770000
204,2016-07-23,토,O,흐림,2367,130.0,247,211,30,4251,2016,7,23,27440000
205,2016-07-24,일,O,눈/비,2654,152.0,346,251,0,4628,2016,7,24,31520000
206,2016-07-25,월,X,구름 많음,1011,99.0,196,83,33,2032,2016,7,25,13060000
207,2016-07-26,화,X,구름 많음,821,82.0,120,17,0,1860,2016,7,26,10230000
208,2016-07-27,수,X,눈/비,623,58.0,135,51,0,1462,2016,7,27,8160000
209,2016-07-28,목,X,구름 많음,1192,105.0,226,135,0,2383,2016,7,28,15230000
210,2016-07-29,금,X,눈/비,1164,3048.0,551,74,3689,5240,2016,7,29,47630000
211,2016-07-30,토,O,눈/비,3708,206.0,531,259,64,6092,2016,7,30,44450000
212,2016-07-31,일,O,구름 많음,3295,164.0,377,378,115,5155,2016,7,31,38360000
213,2016-08-01,월,X,눈/비,2623,180.0,452,374,30,4450,2016,8,1,32550000
214,2016-08-02,화,X,흐림,2495,155.0,467,286,129,4359,2016,8,2,31170000
215,2016-08-03,수,X,구름 많음,1566,105.0,248,205,0,3018,2016,8,3,19190000
216,2016-08-04,목,X,구름 조금,934,77.0,137,98,0,1683,2016,8,4,11480000
217,2016-08-05,금,X,구름 조금,937,113.0,169,57,0,1766,2016,8,5,12190000
218,2016-08-06,토,O,구름 많음,1632,193.0,202,180,106,3029,2016,8,6,20270000
219,2016-08-07,일,O,구름 많음,1411,99.0,180,127,0,2586,2016,8,7,16900000
220,2016-08-08,월,X,구름 많음,489,74.0,94,62,0,1118,2016,8,8,6570000
221,2016-08-09,화,X,구름 많음,474,57.0,106,122,0,1188,2016,8,9,6370000
222,2016-08-10,수,X,구름 많음,475,56.0,97,68,0,1198,2016,8,10,6280000
223,2016-08-11,목,X,구름 조금,471,62.0,109,89,0,1106,2016,8,11,6420000
224,2016-08-12,금,X,구름 조금,544,69.0,102,48,0,1222,2016,8,12,7150000
225,2016-08-13,토,O,구름 많음,1760,107.0,309,128,76,3177,2016,8,13,21760000
226,2016-08-14,일,O,눈/비,4327,171.0,463,142,1062,6159,2016,8,14,49610000
227,2016-08-15,월,O,구름 많음,2675,243.0,382,170,0,4256,2016,8,15,33000000
228,2016-08-16,화,X,구름 많음,704,64.0,142,68,96,1428,2016,8,16,9100000
229,2016-08-17,수,X,구름 조금,548,242.0,132,59,243,1454,2016,8,17,9220000
230,2016-08-18,목,X,구름 많음,599,10023.0,152,91,10038,11359,2016,8,18,107740000
231,2016-08-19,금,X,구름 많음,1150,3061.0,491,56,3810,5345,2016,8,19,47020000
232,2016-08-20,토,O,구름 많음,3421,133.0,485,168,30,5468,2016,8,20,40390000
233,2016-08-21,일,O,구름 많음,2660,94.0,332,72,0,4429,2016,8,21,30860000
234,2016-08-22,월,X,구름 많음,516,15.0,61,65,0,1088,2016,8,22,5920000
235,2016-08-23,화,X,눈/비,450,13.0,71,36,0,1146,2016,8,23,5340000
236,2016-08-24,수,X,구름 많음,518,44.0,61,62,0,1336,2016,8,24,6230000
237,2016-08-25,목,X,구름 많음,536,11.0,44,40,42,1289,2016,8,25,5910000
238,2016-08-26,금,X,구름 많음,1442,10.0,80,109,0,2575,2016,8,26,15320000
239,2016-08-27,토,O,구름 조금,13366,242.0,1467,145,139,19035,2016,8,27,150750000
240,2016-08-28,일,O,구름 많음,12114,231.0,1413,166,0,18218,2016,8,28,137580000
241,2016-08-29,월,X,구름 많음,2321,44.0,107,92,0,3636,2016,8,29,24720000
242,2016-08-30,화,X,흐림,1988,39.0,75,55,0,3382,2016,8,30,21020000
243,2016-08-31,수,X,눈/비,44,75.0,20277,0,75,20690,2016,8,31,203960000
244,2016-09-01,목,X,,1224,69.0,61,35,258,2725,2016,9,1,13540000
245,2016-09-02,금,X,구름 많음,1501,211.0,97,50,226,2884,2016,9,2,18090000
246,2016-09-03,토,O,흐림,12693,233.0,1551,153,30,19980,2016,9,3,144770000
247,2016-09-04,일,O,구름 많음,13769,223.0,1562,155,0,19815,2016,9,4,155540000
248,2016-09-05,월,X,구름 많음,1480,142.0,71,140,161,2784,2016,9,5,16930000
249,2016-09-06,화,X,구름 많음,1191,131.0,25,62,258,2806,2016,9,6,13470000
250,2016-09-07,수,X,구름 많음,1176,25.0,225,42,489,2568,2016,9,7,14260000
251,2016-09-08,목,X,눈/비,669,7.0,110,37,185,1717,2016,9,8,7860000
252,2016-09-09,금,X,구름 많음,1171,6242.0,203,13,6489,8865,2016,9,9,76160000
253,2016-09-10,토,O,구름 많음,10518,463.0,1200,86,60,16066,2016,9,10,119780000
254,2016-09-11,일,O,구름 많음,12597,254.0,1511,156,95,19518,2016,9,11,143620000
255,2016-09-12,월,X,구름 많음,1672,90.0,342,34,92,2976,2016,9,12,21040000
256,2016-09-13,화,X,구름 많음,2084,729.0,247,109,670,4363,2016,9,13,30600000
257,2016-09-14,수,O,눈/비,8214,214.0,962,407,38,11712,2016,9,14,93900000
258,2016-09-15,목,O,구름 조금,12931,400.0,1307,806,0,17941,2016,9,15,146380000
259,2016-09-16,금,O,구름 많음,21780,583.0,2760,862,30,32719,2016,9,16,251230000
260,2016-09-17,토,O,구름 많음,13452,311.0,1704,242,0,19920,2016,9,17,154670000
261,2016-09-18,일,O,구름 많음,14286,298.0,1475,253,0,21560,2016,9,18,160590000
262,2016-09-19,월,X,구름 많음,1899,35.0,112,24,34,3360,2016,9,19,20460000
263,2016-09-20,화,X,맑음,1760,41.0,410,50,867,4447,2016,9,20,22110000
264,2016-09-21,수,X,구름 많음,1566,9.0,104,33,400,3825,2016,9,21,16790000
265,2016-09-22,목,X,구름 조금,1696,6.0,396,58,781,4565,2016,9,22,20980000
266,2016-09-23,금,X,맑음,2132,160.0,385,62,1386,5709,2016,9,23,26770000
267,2016-09-24,토,O,구름 조금,14652,216.0,2023,153,586,23547,2016,9,24,168910000
268,2016-09-25,일,O,구름 많음,14608,277.0,1762,69,237,21160,2016,9,25,166470000
269,2016-09-26,월,X,구름 많음,1807,25.0,216,35,316,3713,2016,9,26,20480000
270,2016-09-27,화,X,눈/비,179,0.0,431,12,449,1483,2016,9,27,6100000
271,2016-09-28,수,X,구름 많음,1068,40.0,235,40,1118,4026,2016,9,28,13430000
272,2016-09-29,목,X,구름 많음,1919,152.0,391,50,1844,5586,2016,9,29,24620000
273,2016-09-30,금,X,구름 많음,2878,534.0,836,82,3097,7872,2016,9,30,42480000
274,2016-10-01,토,O,구름 많음,17842,294.0,2446,112,64,27694,2016,10,1,205820000
275,2016-10-02,일,O,눈/비,866,36.0,155,18,0,1857,2016,10,2,10570000
276,2016-10-03,월,O,구름 조금,19036,340.0,3049,196,326,30759,2016,10,3,224250000
277,2016-10-04,화,X,맑음,3315,10053.0,1283,124,10747,17225,2016,10,4,146510000
278,2016-10-05,수,X,구름 조금,2565,167.0,478,49,1839,4904,2016,10,5,32100000
279,2016-10-06,목,X,,2363,949.0,1967,47,4179,8778,2016,10,6,52790000
280,2016-10-07,금,X,구름 많음,2415,1543.0,747,82,3551,8665,2016,10,7,47050000
281,2016-10-08,토,O,흐림,10773,342.0,1311,162,1013,16488,2016,10,8,124260000
282,2016-10-09,일,O,맑음,15187,416.0,1850,174,131,23046,2016,10,9,174530000
283,2016-10-10,월,X,구름 조금,2377,121.0,444,120,481,4613,2016,10,10,29420000
284,2016-10-11,화,X,,2100,1955.0,1577,99,4820,9394,2016,10,11,56320000
285,2016-10-12,수,X,구름 조금,2254,343.0,488,61,1635,5885,2016,10,12,30850000
286,2016-10-13,목,X,구름 조금,2691,1232.0,705,56,3421,8678,2016,10,13,46280000
287,2016-10-14,금,X,맑음,3276,3011.0,739,70,4956,11883,2016,10,14,70260000
288,2016-10-15,토,O,구름 조금,15081,448.0,1938,154,2135,23584,2016,10,15,174670000
289,2016-10-16,일,O,흐림,5275,186.0,746,119,246,8506,2016,10,16,62070000
290,2016-10-17,월,X,구름 많음,2484,67.0,499,116,580,5074,2016,10,17,30500000
291,2016-10-18,화,X,구름 조금,2653,1129.0,828,73,3100,8224,2016,10,18,46100000
292,2016-10-19,수,X,,2429,2005.0,585,68,3956,8681,2016,10,19,50190000
293,2016-10-20,목,X,,2668,1516.0,642,37,3128,8095,2016,10,20,48260000
294,2016-10-21,금,X,구름 많음,3167,3299.0,688,42,5695,11299,2016,10,21,71540000
295,2016-10-22,토,O,흐림,18212,762.0,2929,161,3984,28301,2016,10,22,219030000
296,2016-10-23,일,O,구름 많음,8950,539.0,1948,181,2988,14427,2016,10,23,114370000
297,2016-10-24,월,X,구름 조금,3075,3004.0,295,75,3234,8377,2016,10,24,63740000
298,2016-10-25,화,X,구름 많음,867,868.0,83,23,1119,2591,2016,10,25,18180000
299,2016-10-26,수,X,구름 많음,2155,790.0,283,71,2438,6884,2016,10,26,32280000
300,2016-10-27,목,X,구름 많음,3290,487.0,516,55,2209,7301,2016,10,27,42930000
301,2016-10-28,금,X,흐림,2921,1038.0,378,61,2652,6538,2016,10,28,43370000
302,2016-10-29,토,O,구름 많음,9754,378.0,1417,116,786,15346,2016,10,29,115490000
303,2016-10-30,일,O,맑음,11576,386.0,1544,83,130,17706,2016,10,30,135060000
304,2016-10-31,월,X,흐림,1066,8.0,61,12,397,2096,2016,10,31,11350000
305,2016-11-01,화,X,맑음,792,22.0,59,46,222,2305,2016,11,1,8730000
306,2016-11-02,수,X,구름 조금,1081,7.0,4869,32,5430,7520,2016,11,2,59570000
307,2016-11-03,목,X,구름 조금,1496,24.0,127,79,453,3254,2016,11,3,16470000
308,2016-11-04,금,X,구름 많음,1699,813.0,344,63,1447,4834,2016,11,4,28560000
309,2016-11-05,토,O,구름 많음,9125,281.0,1098,154,669,14380,2016,11,5,105040000
310,2016-11-06,일,O,구름 많음,12529,353.0,1608,117,118,19529,2016,11,6,144900000
311,2016-11-07,월,X,흐림,4341,11.0,107,42,3140,5735,2016,11,7,44590000
312,2016-11-08,화,X,맑음,787,260.0,23,33,325,2570,2016,11,8,10700000
313,2016-11-09,수,X,맑음,937,36.0,290,21,741,2630,2016,11,9,12630000
314,2016-11-10,목,X,흐림,567,35.0,18,28,134,1928,2016,11,10,6200000
315,2016-11-11,금,X,구름 조금,1414,690.0,80,118,876,3662,2016,11,11,21840000
316,2016-11-12,토,O,흐림,9149,228.0,1106,85,1271,13925,2016,11,12,104830000
317,2016-11-13,일,O,구름 많음,8971,361.0,1073,164,583,13407,2016,11,13,104050000
318,2016-11-14,월,X,눈/비,487,411.0,26,15,411,1819,2016,11,14,9240000
319,2016-11-15,화,X,맑음,836,17.0,66,24,243,2205,2016,11,15,9190000
320,2016-11-16,수,X,구름 조금,803,46.0,31,39,108,2019,2016,11,16,8800000
321,2016-11-17,목,X,,1572,215.0,264,43,77,3480,2016,11,17,20510000
322,2016-11-18,금,X,,989,82.0,265,12,315,2356,2016,11,18,13360000
323,2016-11-19,토,O,,6203,139.0,726,116,179,9936,2016,11,19,70680000
324,2016-11-20,일,O,,9684,10262.0,1155,86,10030,24388,2016,11,20,211010000
325,2016-11-21,월,X,구름 많음,1012,33.0,47,22,30,2231,2016,11,21,10920000
326,2016-11-22,화,X,구름 조금,387,19.0,14,4,30,1433,2016,11,22,4200000
327,2016-11-23,수,X,구름 조금,253,8.0,4,16,0,1021,2016,11,23,2650000
328,2016-11-24,목,X,맑음,161,14.0,1,11,0,881,2016,11,24,1760000
329,2016-11-25,금,X,구름 조금,362,606.0,17,20,606,1817,2016,11,25,9850000
330,2016-11-26,토,O,눈/비,896,46.0,110,29,191,2325,2016,11,26,10520000
331,2016-11-27,일,O,구름 조금,1917,88.0,291,53,78,3815,2016,11,27,22960000
332,2016-11-28,월,X,맑음,382,43.0,26,12,0,1180,2016,11,28,4510000
333,2016-11-29,화,X,맑음,348,25.0,10,30,0,1237,2016,11,29,3830000
334,2016-11-30,수,X,흐림,245,48.0,9,17,31,978,2016,11,30,3020000
335,2016-12-01,목,X,맑음,476,57.0,121,18,0,1483,2016,12,1,6540000
336,2016-12-02,금,X,맑음,368,22.0,15,41,0,1224,2016,12,2,4050000
337,2016-12-03,토,O,구름 조금,3330,88.0,332,58,33,5705,2016,12,3,37500000
338,2016-12-04,일,O,흐림,2376,94.0,278,39,0,4360,2016,12,4,27480000
339,2016-12-05,월,X,구름 많음,235,35.0,13,12,0,952,2016,12,5,2830000
340,2016-12-06,화,X,맑음,172,64.0,13,26,30,997,2016,12,6,2490000
341,2016-12-07,수,X,구름 조금,230,240.0,7,2,224,1314,2016,12,7,4770000
342,2016-12-08,목,X,흐림,219,39.0,11,18,0,1090,2016,12,8,2690000
343,2016-12-09,금,X,맑음,230,227.0,7,10,188,1245,2016,12,9,4640000
344,2016-12-10,토,O,맑음,1162,57.0,104,50,0,2386,2016,12,10,13230000
345,2016-12-11,일,O,맑음,1605,63.0,209,50,0,3222,2016,12,11,18770000
346,2016-12-12,월,X,구름 많음,331,28.0,25,40,0,1043,2016,12,12,3840000
347,2016-12-13,화,X,,301,40.0,8,30,0,1312,2016,12,13,3490000
348,2016-12-14,수,X,,208,15.0,28,13,137,930,2016,12,14,2510000
349,2016-12-15,목,X,,101,18.0,4,13,0,698,2016,12,15,1230000
350,2016-12-16,금,X,구름 조금,129,14.0,12,9,0,565,2016,12,16,1550000
351,2016-12-17,토,O,구름 많음,1087,74.0,140,24,80,2403,2016,12,17,13010000
352,2017-03-28,화,X,구름 많음,0,0.0,0,0,0,2,2017,3,28,0
353,2017-03-29,수,X,구름 조금,0,0.0,0,0,0,7,2017,3,29,0
354,2017-03-30,목,X,구름 조금,1187,13.0,102,96,115,2369,2017,3,30,13020000
355,2017-03-31,금,X,눈/비,386,328.0,13,41,270,1299,2017,3,31,7270000
356,2017-04-01,토,O,눈/비,11155,204.0,1455,100,30,17070,2017,4,1,133170000
357,2017-04-02,일,O,맑음,19107,423.0,2636,164,0,32457,2017,4,2,221660000
358,2017-04-03,월,X,맑음,1878,18.0,64,27,0,3032,2017,4,3,19600000
359,2017-04-04,화,X,구름 조금,2054,68.0,77,97,260,3576,2017,4,4,21990000
360,2017-04-05,수,X,눈/비,344,105.0,10,17,190,1067,2017,4,5,4590000
361,2017-04-06,목,X,흐림,587,85.0,30,14,138,1603,2017,4,6,7020000
362,2017-04-07,금,X,구름 조금,3419,821.0,148,111,998,6248,2017,4,7,43880000
363,2017-04-08,토,O,구름 조금,24756,638.0,3120,220,137,40887,2017,4,8,285140000
364,2017-04-09,일,O,구름 많음,24523,590.0,3383,283,0,39359,2017,4,9,284960000
365,2017-04-10,월,X,구름 조금,5106,27.0,160,38,105,7589,2017,4,10,52930000
366,2017-04-11,화,X,구름 조금,3867,16.0,118,63,558,7035,2017,4,11,40010000
367,2017-04-12,수,X,맑음,4113,36.0,166,112,676,7538,2017,4,12,43150000
368,2017-04-13,목,X,구름 많음,3631,197.0,289,54,1115,7727,2017,4,13,41170000
369,2017-04-14,금,X,눈/비,1079,691.0,41,30,945,3058,2017,4,14,18110000
370,2017-04-15,토,O,구름 조금,20770,365.0,2944,225,370,31747,2017,4,15,240790000
371,2017-04-16,일,O,구름 많음,23676,383.0,3354,347,37,37119,2017,4,16,274130000
372,2017-04-17,월,X,눈/비,270,910.0,243,21,1157,2046,2017,4,17,14230000
373,2017-04-18,화,X,눈/비,863,6.0,298,35,802,2864,2017,4,18,11670000
374,2017-04-19,수,X,구름 조금,3528,10045.0,1387,91,13390,17909,2017,4,19,149600000
375,2017-04-20,목,X,흐림,1165,8.0,455,59,1035,3430,2017,4,20,16280000
376,2017-04-21,금,X,구름 많음,2802,620.0,635,63,2355,7265,2017,4,21,40570000
377,2017-04-22,토,O,구름 조금,19141,292.0,2969,241,1361,30798,2017,4,22,224020000
378,2017-04-23,일,O,맑음,21854,269.0,2985,300,333,40116,2017,4,23,251080000
379,2017-04-24,월,X,구름 많음,3019,24.0,560,74,759,6026,2017,4,24,36030000
380,2017-04-25,화,X,흐림,1910,223.0,471,74,1924,5660,2017,4,25,26040000
381,2017-04-26,수,X,맑음,2730,61.0,666,16,2865,7375,2017,4,26,34570000
382,2017-04-27,목,X,구름 조금,2636,202.0,526,52,2709,7641,2017,4,27,33640000
383,2017-04-28,금,X,구름 조금,3033,1765.0,521,67,4238,9533,2017,4,28,53190000
384,2017-04-29,토,O,맑음,13782,483.0,2133,150,625,21481,2017,4,29,163980000
385,2017-04-30,일,O,구름 조금,17158,488.0,2469,410,230,26596,2017,4,30,201150000
386,2017-05-01,월,X,맑음,14566,2177.0,1370,359,2012,23136,2017,5,1,181130000
387,2017-05-02,화,X,맑음,4233,2547.0,4548,49,6650,13938,2017,5,2,113280000
388,2017-05-03,수,O,맑음,19887,1086.0,3455,153,354,30998,2017,5,3,244280000
389,2017-05-04,목,X,구름 많음,12233,870.0,2776,143,54,25285,2017,5,4,158790000
390,2017-05-05,금,O,구름 조금,25824,1222.0,0,616,170,46264,2017,5,5,270460000
391,2017-05-06,토,O,맑음,6183,411.0,965,434,102,9915,2017,5,6,75590000
392,2017-05-07,일,O,맑음,4818,318.0,588,269,41,7630,2017,5,7,57240000
393,2017-05-08,월,X,구름 많음,1396,1308.0,86,58,1379,3876,2017,5,8,27900000
394,2017-05-09,화,X,흐림,2216,223.0,248,56,0,3997,2017,5,9,26870000
395,2017-05-10,수,X,구름 많음,1556,612.0,79,22,1520,4585,2017,5,10,22470000
396,2017-05-11,목,X,구름 많음,1612,829.0,412,42,2595,5814,2017,5,11,28530000
397,2017-05-12,금,X,구름 많음,5050,6205.0,5363,58,16276,18841,2017,5,12,166180000
398,2017-05-13,토,O,눈/비,4416,163.0,604,49,405,7908,2017,5,13,51830000
399,2017-05-14,일,O,맑음,22675,467.0,2045,288,6666,31381,2017,5,14,251870000
400,2017-05-15,월,X,구름 많음,2135,1639.0,180,42,2437,6424,2017,5,15,39540000
401,2017-05-16,화,X,구름 많음,2016,176.0,430,59,1868,6234,2017,5,16,26220000
402,2017-05-17,수,X,구름 조금,2006,82.0,631,47,1998,6530,2017,5,17,27190000
403,2017-05-18,목,X,맑음,2197,1058.0,514,70,3607,8462,2017,5,18,37690000
404,2017-05-19,금,X,맑음,3016,3227.0,798,77,6145,12305,2017,5,19,70410000
405,2017-05-20,토,O,구름 조금,15055,399.0,1767,147,908,22972,2017,5,20,172210000
406,2017-05-21,일,O,맑음,16674,363.0,1944,284,307,24708,2017,5,21,189810000
407,2017-05-22,월,X,구름 조금,2440,5.0,124,47,527,4876,2017,5,22,25690000
408,2017-05-23,화,X,흐림,1756,206.0,279,44,1247,5384,2017,5,23,22410000
409,2017-05-24,수,X,구름 조금,2620,546.0,348,75,1522,6338,2017,5,24,35140000
410,2017-05-25,목,X,구름 많음,3001,167.0,318,78,1600,7842,2017,5,25,34860000
411,2017-05-26,금,X,맑음,4456,1900.0,513,109,4286,12687,2017,5,26,68690000
412,2017-05-27,토,O,맑음,23575,549.0,2478,398,1314,33795,2017,5,27,266020000
413,2017-05-28,일,O,맑음,25346,675.0,2585,519,4532,39195,2017,5,28,286060000
414,2017-05-29,월,X,맑음,3966,40.0,123,232,364,7267,2017,5,29,41290000
415,2017-05-30,화,X,구름 많음,4370,344.0,123,68,1444,8825,2017,5,30,48370000
416,2017-05-31,수,X,흐림,3145,418.0,72,199,885,6836,2017,5,31,36350000
417,2017-06-01,목,X,눈/비,3094,171.0,1586,92,2456,9190,2017,6,1,48510000
418,2017-06-02,금,X,구름 조금,4519,1968.0,352,140,3149,10915,2017,6,2,68390000
419,2017-06-03,토,O,맑음,20989,533.0,1921,310,472,33239,2017,6,3,234430000
420,2017-06-04,일,O,맑음,22617,699.0,2499,469,61,36290,2017,6,4,258150000
421,2017-06-05,월,X,구름 조금,11391,1663.0,1223,161,4173,18592,2017,6,5,142770000
422,2017-06-06,화,O,흐림,12888,582.0,1820,154,295,22602,2017,6,6,152900000
423,2017-06-07,수,X,흐림,623,344.0,11,28,393,1871,2017,6,7,9780000
424,2017-06-08,목,X,맑음,2597,17345.0,150,146,18420,23381,2017,6,8,200920000
425,2017-06-09,금,X,구름 많음,9728,963.0,2356,136,11161,15512,2017,6,9,130470000
426,2017-06-10,토,O,구름 많음,14602,378.0,1564,296,1493,21501,2017,6,10,165440000
427,2017-06-11,일,O,맑음,15379,331.0,1638,297,152,23498,2017,6,11,173480000
428,2017-06-12,월,X,구름 많음,1675,104.0,90,103,264,3589,2017,6,12,18690000
429,2017-06-13,화,X,눈/비,1347,10.0,47,84,678,3915,2017,6,13,14040000
430,2017-06-14,수,X,맑음,1235,320.0,98,64,1060,4146,2017,6,14,16530000
431,2017-06-15,목,X,맑음,3337,25.0,1348,83,4242,6991,2017,6,15,47100000
432,2017-06-16,금,X,구름 많음,1254,116.0,44,68,676,3307,2017,6,16,14140000
433,2017-06-17,토,O,맑음,6042,183.0,867,149,351,10224,2017,6,17,70920000
434,2017-06-18,일,O,구름 조금,5524,111.0,634,218,185,8647,2017,6,18,62690000
435,2017-06-19,월,X,구름 조금,961,33.0,69,29,96,2163,2017,6,19,10630000
436,2017-06-20,화,X,구름 많음,838,19.0,82,59,459,2530,2017,6,20,9390000
437,2017-06-21,수,X,구름 조금,799,37.0,82,54,246,2201,2017,6,21,9180000
438,2017-06-22,목,X,구름 조금,898,10705.0,47,85,10925,12935,2017,6,22,116500000
439,2017-06-23,금,X,구름 조금,836,16.0,54,71,275,2122,2017,6,23,9060000
440,2017-06-24,토,O,구름 많음,3640,83.0,492,125,63,6202,2017,6,24,42150000
441,2017-06-25,일,O,흐림,3786,63.0,460,145,56,6163,2017,6,25,43090000
442,2017-06-26,월,X,눈/비,572,6.0,31,24,0,1272,2017,6,26,6090000
443,2017-06-27,화,X,구름 많음,878,10.0,51,51,187,2243,2017,6,27,9390000
444,2017-06-28,수,X,구름 많음,807,16.0,39,70,132,2113,2017,6,28,8620000
445,2017-06-29,목,X,구름 많음,846,14.0,44,61,235,2120,2017,6,29,9040000
446,2017-06-30,금,X,구름 많음,840,26.0,136,72,316,2103,2017,6,30,10020000
447,2017-07-01,토,O,흐림,5112,85.0,531,113,60,7808,2017,7,1,57280000
448,2017-07-02,일,O,눈/비,649,12.0,64,63,0,1443,2017,7,2,7250000
449,2017-07-03,월,X,눈/비,289,4.0,20,15,0,807,2017,7,3,3130000
450,2017-07-04,화,X,구름 많음,559,27.0,305,74,362,1715,2017,7,4,8910000
451,2017-07-05,수,X,구름 많음,495,62.0,43,59,60,1349,2017,7,5,6000000
452,2017-07-06,목,X,구름 많음,425,167.0,19,58,141,1251,2017,7,6,6110000
453,2017-07-07,금,X,눈/비,275,8.0,47,21,30,870,2017,7,7,3300000
454,2017-07-08,토,O,흐림,832,25.0,98,77,30,1700,2017,7,8,9550000
455,2017-07-09,일,O,눈/비,1903,76.0,239,151,0,3440,2017,7,9,22180000
456,2017-07-10,월,X,눈/비,69,2.0,2,12,0,338,2017,7,10,730000
457,2017-07-11,화,X,눈/비,473,46.0,72,51,91,1480,2017,7,11,5910000
458,2017-07-12,수,X,구름 조금,487,315.0,57,44,279,1597,2017,7,12,8590000
459,2017-07-13,목,X,구름 조금,466,27.0,43,57,0,1176,2017,7,13,5360000
460,2017-07-14,금,X,구름 많음,486,117.0,51,74,218,1349,2017,7,14,6540000
461,2017-07-15,토,O,눈/비,857,63.0,87,88,72,1935,2017,7,15,10070000
462,2017-07-16,일,O,흐림,2857,84.0,313,78,0,4589,2017,7,16,32540000
463,2017-07-17,월,X,눈/비,503,21.0,43,11,31,1188,2017,7,17,5670000
464,2017-07-18,화,X,구름 많음,586,50.0,56,68,74,1458,2017,7,18,6920000
465,2017-07-19,수,X,구름 많음,465,21.0,51,42,0,1180,2017,7,19,5370000
466,2017-07-20,목,X,구름 많음,333,30.0,32,81,0,931,2017,7,20,3950000
467,2017-07-21,금,X,구름 많음,370,191.0,34,62,177,1076,2017,7,21,5950000
468,2017-07-22,토,O,흐림,1238,53.0,146,154,33,2501,2017,7,22,14370000
469,2017-07-23,일,O,눈/비,319,12.0,26,20,36,696,2017,7,23,3570000
470,2017-07-24,월,X,눈/비,242,33.0,29,57,0,696,2017,7,24,3040000
471,2017-07-25,화,X,흐림,507,49.0,46,54,44,1318,2017,7,25,6020000
472,2017-07-26,수,X,구름 조금,540,83.0,78,100,0,1267,2017,7,26,7010000
473,2017-07-27,목,X,구름 많음,7696,121.0,2342,93,9074,10889,2017,7,27,101590000
474,2017-07-28,금,X,눈/비,332,11.0,60,47,0,772,2017,7,28,4030000
475,2017-07-29,토,O,흐림,3756,131.0,473,69,111,5834,2017,7,29,43600000
476,2017-07-30,일,O,흐림,3828,185.0,413,286,70,5761,2017,7,30,44260000
477,2017-07-31,월,X,눈/비,996,31.0,382,55,0,1771,2017,7,31,14090000
478,2017-08-01,화,X,구름 많음,2123,118.0,321,177,30,3932,2017,8,1,25620000
479,2017-08-02,수,X,눈/비,1069,92.0,159,57,0,1976,2017,8,2,13200000
480,2017-08-03,목,X,구름 조금,1053,82.0,166,181,0,1923,2017,8,3,13010000
481,2017-08-04,금,X,구름 조금,1298,126.0,214,52,46,2164,2017,8,4,16380000
482,2017-08-05,토,O,구름 많음,1602,83.0,194,135,30,2745,2017,8,5,18790000
483,2017-08-06,일,O,눈/비,1250,87.0,169,105,0,2350,2017,8,6,15060000
484,2017-08-07,월,X,눈/비,565,56.0,104,62,0,1236,2017,8,7,7250000
485,2017-08-08,화,X,구름 많음,659,72.0,136,117,0,1504,2017,8,8,8670000
486,2017-08-09,수,X,구름 많음,721,120.0,150,89,0,1601,2017,8,9,9910000
487,2017-08-10,목,X,눈/비,350,61.0,70,53,31,943,2017,8,10,4810000
488,2017-08-11,금,X,구름 많음,959,74.0,201,41,104,1903,2017,8,11,12340000
489,2017-08-12,토,O,구름 조금,4082,118.0,549,92,39,6396,2017,8,12,47490000
490,2017-08-13,일,O,구름 많음,6680,227.0,884,345,45,10371,2017,8,13,77910000
491,2017-08-14,월,X,흐림,827,47.0,259,105,44,1847,2017,8,14,11330000
492,2017-08-15,화,O,눈/비,329,24.0,56,15,0,831,2017,8,15,4090000
493,2017-08-16,수,X,흐림,1039,33.0,232,46,0,2011,2017,8,16,13040000
494,2017-08-17,목,X,눈/비,814,25.0,172,67,0,1883,2017,8,17,10110000
495,2017-08-18,금,X,눈/비,1390,39.0,272,86,46,2773,2017,8,18,17010000
496,2017-08-19,토,O,흐림,6850,170.0,940,168,69,10675,2017,8,19,79600000
497,2017-08-20,일,O,눈/비,811,27.0,110,51,0,1453,2017,8,20,9480000
498,2017-08-21,월,X,눈/비,540,3111.0,112,52,3152,4392,2017,8,21,37630000
499,2017-08-22,화,X,구름 많음,1196,25.0,213,78,0,2413,2017,8,22,14340000
500,2017-08-23,수,X,눈/비,289,7.0,49,24,0,724,2017,8,23,3450000
501,2017-08-24,목,X,눈/비,134,6.0,22,23,0,572,2017,8,24,1620000
502,2017-08-25,금,X,구름 조금,1169,74.0,108,33,30,2284,2017,8,25,13510000
503,2017-08-26,토,O,구름 조금,9721,179.0,1183,139,75,14474,2017,8,26,110830000
504,2017-08-27,일,O,흐림,11289,231.0,1424,194,34,16798,2017,8,27,129440000
505,2017-08-28,월,X,눈/비,697,9.0,54,36,0,1469,2017,8,28,7600000
506,2017-08-29,화,X,구름 많음,1916,14.0,86,60,96,3436,2017,8,29,20160000
507,2017-08-30,수,X,구름 많음,1603,28.0,46,16,74,2860,2017,8,30,16770000
508,2017-08-31,목,X,맑음,1722,75.0,75,40,198,3217,2017,8,31,18720000
509,2017-09-01,금,X,구름 조금,1794,178.0,167,43,137,3429,2017,9,1,21390000
510,2017-09-02,토,O,맑음,15241,238.0,1896,127,34,23313,2017,9,2,173750000
511,2017-09-03,일,O,구름 조금,15418,260.0,1873,180,60,23991,2017,9,3,175510000
512,2017-09-04,월,X,구름 조금,1641,22.0,77,127,35,2911,2017,9,4,17400000
513,2017-09-05,화,X,흐림,884,20.0,104,70,189,2184,2017,9,5,10080000
514,2017-09-06,수,X,흐림,369,490.0,18,14,535,1803,2017,9,6,8770000
515,2017-09-07,목,X,구름 많음,1946,14.0,557,53,640,4453,2017,9,7,25170000
516,2017-09-08,금,X,맑음,1440,930.0,267,13,1521,4176,2017,9,8,26370000
517,2017-09-09,토,O,구름 조금,10366,208.0,1460,126,296,17303,2017,9,9,120340000
518,2017-09-10,일,O,흐림,10648,211.0,1535,211,46,16529,2017,9,10,123940000
519,2017-09-11,월,X,흐림,7259,158.0,2870,27,9598,10956,2017,9,11,102870000
520,2017-09-12,화,X,맑음,1429,470.0,33,43,876,3800,2017,9,12,19320000
521,2017-09-13,수,X,,1652,68.0,47,20,573,3875,2017,9,13,17670000
522,2017-09-14,목,X,맑음,1420,23.0,86,29,322,3009,2017,9,14,15290000
523,2017-09-15,금,X,구름 많음,1923,902.0,147,30,1912,5715,2017,9,15,29720000
524,2017-09-16,토,O,구름 많음,13696,308.0,2126,153,426,20881,2017,9,16,161300000
525,2017-09-17,일,O,구름 조금,14355,189.0,1909,221,36,21699,2017,9,17,164530000
526,2017-09-18,월,X,구름 조금,1999,24.0,306,17,420,4196,2017,9,18,23290000
527,2017-09-19,화,X,눈/비,579,3.0,174,32,593,2313,2017,9,19,7560000
528,2017-09-20,수,X,맑음,1564,2133.0,414,19,2802,6149,2017,9,20,41110000
529,2017-09-21,목,X,맑음,1603,19.0,298,44,1107,4800,2017,9,21,19200000
530,2017-09-22,금,X,구름 조금,1815,1175.0,334,53,3438,7283,2017,9,22,33240000
531,2017-09-23,토,O,구름 조금,9117,209.0,2043,92,4272,17515,2017,9,23,113690000
532,2017-09-24,일,O,구름 조금,8989,215.0,1359,127,725,14520,2017,9,24,105630000
533,2017-09-25,월,X,구름 조금,1223,18.0,189,13,162,2522,2017,9,25,14300000
534,2017-09-26,화,X,구름 많음,1029,83.0,401,32,992,3580,2017,9,26,15130000
535,2017-09-27,수,X,,553,172.0,590,14,976,2494,2017,9,27,13150000
536,2017-09-28,목,X,,1332,71.0,686,6,1196,4031,2017,9,28,20890000
537,2017-09-29,금,X,,1278,1624.0,1858,57,3501,6538,2017,9,29,47600000
538,2017-09-30,토,O,,8387,316.0,1132,64,103,12712,2017,9,30,98350000
539,2017-10-01,일,O,,3543,144.0,618,107,0,6413,2017,10,1,43050000
540,2017-10-02,월,X,,14218,355.0,1870,186,0,21387,2017,10,2,164430000
541,2017-10-03,화,O,,10949,360.0,1461,438,0,16489,2017,10,3,127700000
542,2017-10-04,수,O,,13288,496.0,1548,1174,0,19220,2017,10,4,153320000
543,2017-10-05,목,O,,21322,680.0,2912,701,0,32576,2017,10,5,249140000
544,2017-10-06,금,O,,12842,389.0,1904,359,0,20948,2017,10,6,151350000
545,2017-10-07,토,O,,19513,663.0,2842,359,0,32091,2017,10,7,230180000
546,2017-10-08,일,O,구름 많음,18372,553.0,2767,218,83,29251,2017,10,8,216920000
547,2017-10-09,월,O,구름 조금,13211,479.0,1829,71,359,21174,2017,10,9,155190000
548,2017-10-10,화,X,흐림,806,8.0,200,13,203,2304,2017,10,10,10140000
549,2017-10-11,수,X,구름 많음,305,573.0,421,19,1147,2107,2017,10,11,12990000
550,2017-10-12,목,X,흐림,734,637.0,614,111,1882,3902,2017,10,12,19850000
551,2017-10-13,금,X,맑음,1401,1243.0,400,40,2619,6403,2017,10,13,30440000
552,2017-10-14,토,O,구름 조금,10745,358.0,1625,129,1633,16985,2017,10,14,127280000
553,2017-10-15,일,O,구름 조금,12955,298.0,1756,43,213,19657,2017,10,15,150090000
554,2017-10-16,월,X,구름 많음,4199,14.0,593,48,3917,6706,2017,10,16,48060000
555,2017-10-17,화,X,구름 조금,2399,463.0,1560,47,9928,14032,2017,10,17,104510000
556,2017-10-18,수,X,흐림,1317,353.0,772,47,1556,5007,2017,10,18,24420000
557,2017-10-19,목,X,구름 조금,1959,448.0,464,48,1926,5915,2017,10,19,28710000
558,2017-10-20,금,X,맑음,3082,2531.0,417,46,5156,10375,2017,10,20,60300000
559,2017-10-21,토,O,맑음,14199,335.0,2062,176,1792,22658,2017,10,21,165960000
560,2017-10-22,일,O,구름 많음,17176,663.0,3131,129,3709,25073,2017,10,22,209700000
561,2017-10-23,월,X,구름 조금,2042,53.0,278,17,954,4545,2017,10,23,23730000
562,2017-10-24,화,X,구름 조금,11388,3413.0,2017,36,15364,19454,2017,10,24,168180000
563,2017-10-25,수,X,맑음,1745,164.0,451,70,898,4625,2017,10,25,23600000
564,2017-10-26,목,X,구름 많음,1624,525.0,438,37,1388,5123,2017,10,26,25870000
565,2017-10-27,금,X,맑음,2734,1901.0,504,76,3594,8431,2017,10,27,51390000
566,2017-10-28,토,O,맑음,16172,658.0,2588,158,5114,26879,2017,10,28,194180000
567,2017-10-29,일,O,맑음,12844,440.0,1766,208,285,19514,2017,10,29,150500000
568,2017-10-30,월,X,맑음,1210,592.0,184,43,686,3338,2017,10,30,19860000
569,2017-10-31,화,X,구름 조금,1332,117.0,2624,57,2724,5768,2017,10,31,40730000
570,2017-11-01,수,X,구름 많음,1546,100.0,136,61,298,3363,2017,11,1,17820000
571,2017-11-02,목,X,눈/비,1046,85.0,39,68,294,2669,2017,11,2,11700000
572,2017-11-03,금,X,구름 조금,1776,252.0,262,52,1009,3156,2017,11,3,22900000
573,2017-11-04,토,O,맑음,7476,226.0,963,91,216,12087,2017,11,4,86650000
574,2017-11-05,일,O,구름 많음,8543,220.0,1263,104,69,12762,2017,11,5,100260000
575,2017-11-06,월,X,구름 많음,1504,13.0,63,44,68,3340,2017,11,6,15800000
576,2017-11-07,화,X,구름 많음,1319,397.0,141,53,846,3494,2017,11,7,18570000
577,2017-11-08,수,X,맑음,1010,245.0,17,50,424,2653,2017,11,8,12720000
578,2017-11-09,목,X,맑음,1274,10.0,144,29,301,3089,2017,11,9,14280000
579,2017-11-10,금,X,눈/비,941,88.0,77,36,695,2353,2017,11,10,11060000
580,2017-11-11,토,O,맑음,5225,191.0,675,68,1026,8008,2017,11,11,60910000
581,2017-11-12,일,O,구름 조금,6232,175.0,721,32,520,9312,2017,11,12,71280000
582,2017-11-13,월,X,흐림,561,13.0,32,7,35,1611,2017,11,13,6060000
583,2017-11-14,화,X,구름 조금,758,1.0,94,25,256,2003,2017,11,14,8530000
584,2017-11-15,수,X,구름 조금,437,32.0,16,27,169,1404,2017,11,15,4850000
585,2017-11-16,목,X,구름 조금,372,72.0,32,30,0,1245,2017,11,16,4760000
586,2017-11-17,금,X,눈/비,271,409.0,12,29,471,1388,2017,11,17,6920000
587,2017-11-18,토,O,맑음,1374,85.0,178,57,352,2759,2017,11,18,16370000
588,2017-11-19,일,O,맑음,950,51.0,81,59,30,1918,2017,11,19,10820000
589,2017-11-20,월,X,구름 많음,232,20.0,8,26,0,857,2017,11,20,2600000
590,2017-11-21,화,X,맑음,238,407.0,64,14,430,1581,2017,11,21,7090000
591,2017-11-22,수,X,맑음,315,42.0,98,30,165,1041,2017,11,22,4550000
592,2017-11-23,목,X,흐림,806,31.0,478,24,1101,1927,2017,11,23,13150000
593,2017-11-24,금,X,구름 많음,175,21.0,7,13,0,747,2017,11,24,2030000
594,2017-11-25,토,O,눈/비,428,9.0,31,12,157,1384,2017,11,25,4680000
595,2017-11-26,일,O,구름 조금,1368,56.0,176,56,0,2487,2017,11,26,16000000
596,2017-11-27,월,X,,313,12.0,17,2,46,1072,2017,11,27,3420000
597,2017-11-28,화,X,,267,14.0,21,48,0,1139,2017,11,28,3020000
598,2017-11-29,수,X,,163,18.0,10,18,0,795,2017,11,29,1910000
599,2017-11-30,목,X,맑음,158,10472.0,8,20,42,11318,2017,11,30,106380000
600,2017-12-01,금,X,구름 많음,170,33.0,10,21,0,718,2017,12,1,2130000
601,2017-12-02,토,O,구름 많음,1010,45.0,78,18,0,2168,2017,12,2,11330000
602,2017-12-03,일,O,흐림,986,33.0,101,21,0,1991,2017,12,3,11200000
603,2017-12-04,월,X,구름 조금,136,17.0,8,11,0,719,2017,12,4,1610000
604,2017-12-05,화,X,흐림,164,1.0,4,5,71,630,2017,12,5,1690000
605,2017-12-06,수,X,흐림,97,10.0,2,15,0,721,2017,12,6,1090000
606,2017-12-07,목,X,구름 조금,144,50.0,5,13,33,911,2017,12,7,1990000
607,2017-12-08,금,X,맑음,128,17.0,4,15,0,643,2017,12,8,1490000
608,2017-12-09,토,O,구름 많음,678,30.0,68,20,32,1792,2017,12,9,7760000
609,2017-12-10,일,O,눈/비,356,24.0,39,12,0,1024,2017,12,10,4190000
610,2017-12-11,월,X,,56,2.0,13,12,0,479,2017,12,11,710000
611,2017-12-12,화,X,맑음,45,37.0,3,4,33,324,2017,12,12,850000
612,2017-12-13,수,X,맑음,75,11.0,0,20,0,462,2017,12,13,860000
613,2017-12-14,목,X,구름 많음,59,15.0,245,9,241,761,2017,12,14,3190000
614,2017-12-15,금,X,흐림,99,35.0,11,12,0,627,2017,12,15,1450000
615,2017-12-16,토,O,구름 조금,306,20.0,45,11,0,1206,2017,12,16,3710000
616,2017-12-17,일,O,구름 조금,379,20.0,43,28,38,996,2017,12,17,4420000
617,2017-12-18,월,X,구름 많음,89,13.0,1,2,0,420,2017,12,18,1030000
618,2017-12-19,화,X,,61,102.0,2,22,90,657,2017,12,19,1650000
619,2017-12-20,수,O,눈/비,202,2035.0,272,1,2454,2985,2017,12,20,25090000
620,2017-12-21,목,X,맑음,103,18.0,11,12,0,653,2017,12,21,1320000
621,2017-12-22,금,X,구름 많음,186,11.0,12,3,1,804,2017,12,22,2090000
622,2017-12-23,토,O,흐림,771,66.0,75,41,43,1910,2017,12,23,9120000
623,2017-12-24,일,O,,114,14.0,16,7,0,403,2017,12,24,1440000
624,2017-12-25,월,O,맑음,1195,188.0,119,29,3,2028,2017,12,25,15020000
625,2017-12-26,화,X,맑음,178,7.0,15,24,0,772,2017,12,26,2000000
626,2017-12-27,수,X,맑음,112,10.0,7,9,0,488,2017,12,27,1290000
627,2017-12-28,목,X,흐림,174,6.0,17,15,0,778,2017,12,28,1970000
628,2017-12-29,금,X,구름 많음,273,30.0,42,39,0,853,2017,12,29,3450000
629,2017-12-30,토,O,눈/비,574,46.0,89,38,0,1520,2017,12,30,7090000
630,2017-12-31,일,O,맑음,1069,57.0,148,50,0,1868,2017,12,31,12740000
631,2018-01-01,월,O,맑음,1380,99.0,209,40,0,2316,2018,1,1,16880000
632,2018-01-02,화,X,구름 조금,344,15.0,44,22,119,988,2018,1,2,4030000
633,2018-01-03,수,X,구름 조금,153,22.0,17,4,0,694,2018,1,3,1920000
634,2018-01-04,목,X,흐림,134,9.0,22,14,1,671,2018,1,4,1650000
635,2018-01-05,금,X,구름 조금,146,12.0,31,8,0,758,2018,1,5,1890000
636,2018-01-06,토,O,맑음,836,32.0,100,25,0,1935,2018,1,6,9680000
637,2018-01-07,일,O,흐림,749,61.0,112,20,0,1881,2018,1,7,9220000
638,2018-01-08,월,X,흐림,150,13.0,30,13,0,634,2018,1,8,1930000
639,2018-01-09,화,X,구름 많음,94,6.0,15,13,0,523,2018,1,9,1150000
640,2018-01-10,수,X,구름 조금,56,7.0,7,6,0,382,2018,1,10,700000
641,2018-01-11,목,X,맑음,34,8.0,1,0,0,312,2018,1,11,430000
642,2018-01-12,금,X,맑음,45,5.0,2,15,0,228,2018,1,12,520000
643,2018-01-13,토,O,맑음,297,18.0,35,3,0,1015,2018,1,13,3500000
644,2018-01-14,일,O,구름 많음,713,32.0,94,2,0,1654,2018,1,14,8390000
645,2018-01-15,월,X,구름 조금,172,31.0,22,14,0,645,2018,1,15,2250000
646,2018-01-16,화,X,눈/비,115,15.0,20,8,0,699,2018,1,16,1500000
647,2018-01-17,수,X,구름 조금,156,23.0,17,15,0,631,2018,1,17,1960000
648,2018-01-18,목,X,구름 많음,311,440.0,238,1,776,1503,2018,1,18,9890000
649,2018-01-19,금,X,맑음,257,28.0,49,17,0,918,2018,1,19,3340000
650,2018-01-20,토,O,구름 조금,941,72.0,125,3,30,2083,2018,1,20,11380000
651,2018-01-21,일,O,구름 많음,1015,61.0,158,18,0,2123,2018,1,21,12340000
652,2018-01-22,월,X,눈/비,210,34.0,67,6,0,852,2018,1,22,3110000
653,2018-01-23,화,X,맑음,48,9.0,10,7,0,363,2018,1,23,670000
654,2018-01-24,수,X,맑음,16,1.0,1,0,0,128,2018,1,24,180000
655,2018-01-25,목,X,맑음,23,0.0,0,1,0,162,2018,1,25,230000
656,2018-01-26,금,X,맑음,31,13.0,6,0,0,222,2018,1,26,500000
657,2018-01-27,토,O,구름 조금,202,30.0,15,11,0,655,2018,1,27,2470000
658,2018-01-28,일,O,구름 조금,371,31.0,55,15,0,962,2018,1,28,4570000
659,2018-01-29,월,X,맑음,74,7.0,6,6,0,409,2018,1,29,870000
660,2018-01-30,화,X,구름 많음,92,9100.0,11,2,9097,9660,2018,1,30,92030000
661,2018-01-31,수,X,구름 많음,131,11.0,9,12,0,585,2018,1,31,1510000
662,2018-02-01,목,X,맑음,157,19.0,18,5,0,679,2018,2,1,1940000
663,2018-02-02,금,X,구름 많음,127,14.0,11,11,0,704,2018,2,2,1520000
664,2018-02-03,토,O,구름 조금,340,27.0,48,10,0,1049,2018,2,3,4150000
665,2018-02-04,일,O,맑음,238,15.0,28,1,1,790,2018,2,4,2810000
666,2018-02-05,월,X,맑음,59,5.0,2,14,0,348,2018,2,5,660000
667,2018-02-06,화,X,구름 조금,55,2.0,3,13,0,369,2018,2,6,600000
668,2018-02-07,수,X,구름 많음,58,14.0,6,4,0,418,2018,2,7,780000
669,2018-02-08,목,X,맑음,131,25.0,21,2,1,724,2018,2,8,1770000
670,2018-02-09,금,X,,141,18.0,13,3,0,657,2018,2,9,1720000
671,2018-02-10,토,O,,756,40.0,111,17,0,1861,2018,2,10,9070000
672,2018-02-11,일,O,눈/비,446,29.0,69,6,4,1159,2018,2,11,5440000
673,2018-02-12,월,X,구름 많음,84,20.0,16,18,0,499,2018,2,12,1200000
674,2018-02-13,화,X,맑음,166,19.0,10,19,0,725,2018,2,13,1950000
675,2018-02-14,수,X,,279,43.0,32,19,0,810,2018,2,14,3540000
676,2018-02-15,목,O,구름 조금,1023,37.0,133,64,0,1765,2018,2,15,11930000
677,2018-02-16,금,O,맑음,2013,71.0,247,246,0,3007,2018,2,16,23310000
678,2018-02-17,토,O,맑음,2229,101.0,287,71,0,3590,2018,2,17,26170000
679,2018-02-18,일,O,구름 많음,1822,70.0,219,88,0,3370,2018,2,18,21110000
680,2018-02-19,월,X,구름 많음,620,51.0,96,29,0,1558,2018,2,19,7670000
681,2018-02-20,화,X,구름 조금,420,60.0,81,6,0,1243,2018,2,20,5610000
682,2018-02-21,수,X,구름 조금,362,41.0,62,3,0,1169,2018,2,21,4650000
683,2018-02-22,목,X,구름 많음,424,58.0,80,17,0,1348,2018,2,22,5620000
684,2018-02-23,금,X,구름 조금,352,53.0,85,9,0,1079,2018,2,23,4900000
685,2018-02-24,토,O,구름 많음,1810,65.0,250,33,36,3362,2018,2,24,21250000
686,2018-02-25,일,O,맑음,3856,123.0,538,34,0,6139,2018,2,25,45170000
687,2018-02-26,월,X,구름 조금,1081,97.0,239,17,0,2252,2018,2,26,14170000
688,2018-02-27,화,X,흐림,543,89.0,137,11,0,1517,2018,2,27,7690000
689,2018-02-28,수,X,눈/비,123,8.0,37,6,0,626,2018,2,28,1680000
690,2018-03-01,목,O,맑음,1948,112.0,260,24,75,3290,2018,3,1,23200000
691,2018-03-02,금,X,맑음,649,8.0,55,25,0,1500,2018,3,2,7120000
692,2018-03-03,토,O,구름 많음,9307,224.0,1180,58,30,14540,2018,3,3,107110000
693,2018-03-04,일,O,흐림,1926,78.0,264,52,0,3619,2018,3,4,22680000
694,2018-03-05,월,X,구름 조금,536,2.0,8,2,0,1049,2018,3,5,5460000
695,2018-03-06,화,X,구름 조금,722,5.0,12,27,0,1751,2018,3,6,7390000
696,2018-03-07,수,X,구름 많음,564,4.0,15,20,0,1434,2018,3,7,5830000
697,2018-03-08,목,X,흐림,135,2.0,2,8,0,604,2018,3,8,1390000
698,2018-03-09,금,X,구름 조금,472,5.0,18,31,30,1366,2018,3,9,4950000
699,2018-03-10,토,O,구름 조금,6454,137.0,922,79,0,10723,2018,3,10,75130000
700,2018-03-11,일,O,구름 조금,9619,231.0,1385,13,0,14512,2018,3,11,112350000
701,2018-03-12,월,X,맑음,805,4.0,9,32,0,1555,2018,3,12,8180000
702,2018-03-13,화,X,구름 조금,845,5.0,39,39,34,1819,2018,3,13,8890000
703,2018-03-14,수,X,구름 조금,1775,43.0,54,22,30,3032,2018,3,14,18720000
704,2018-03-15,목,X,눈/비,76,0.0,6,3,0,390,2018,3,15,820000
705,2018-03-16,금,X,맑음,1073,13.0,32,42,0,2101,2018,3,16,11180000
706,2018-03-17,토,O,구름 많음,14635,256.0,2153,44,87,21711,2018,3,17,170440000
707,2018-03-18,일,O,흐림,6882,192.0,1182,67,0,11340,2018,3,18,82560000
708,2018-03-19,월,X,구름 조금,282,1.0,12,9,0,785,2018,3,19,2950000
709,2018-03-20,화,X,구름 많음,346,9.0,22,30,0,1228,2018,3,20,3770000
710,2018-03-21,수,X,눈/비,353,828.0,492,4,0,2184,2018,3,21,16730000
711,2018-03-22,목,X,맑음,580,13.0,10,44,41,1559,2018,3,22,6030000
712,2018-03-23,금,X,구름 조금,901,49.0,52,18,68,1922,2018,3,23,10020000
713,2018-03-24,토,O,구름 조금,5428,174.0,762,59,94,8418,2018,3,24,63640000
714,2018-03-25,일,O,맑음,4723,216.0,637,114,0,7334,2018,3,25,55760000
715,2018-03-26,월,X,맑음,576,15.0,30,26,0,1227,2018,3,26,6210000
716,2018-03-27,화,X,구름 조금,497,21.0,42,26,0,1297,2018,3,27,5600000
717,2018-03-28,수,X,구름 조금,838,82.0,44,18,69,1830,2018,3,28,9640000
718,2018-03-29,목,X,구름 조금,671,18.0,36,41,69,1588,2018,3,29,7250000
719,2018-03-30,금,X,맑음,1685,621.0,89,60,618,3670,2018,3,30,23950000
720,2018-03-31,토,O,구름 조금,15235,257.0,2402,101,298,24609,2018,3,31,178940000
721,2018-04-01,일,O,흐림,9247,197.0,1455,156,36,15121,2018,4,1,108990000
722,2018-04-02,월,X,,1697,13.0,108,12,30,2785,2018,4,2,18180000
723,2018-04-03,화,X,,1861,103.0,176,67,271,3689,2018,4,3,21400000
724,2018-04-04,수,X,,1453,47.0,85,32,0,2575,2018,4,4,15850000
725,2018-04-05,목,X,,145,408.0,6,7,394,992,2018,4,5,5590000
726,2018-04-06,금,X,구름 많음,1189,1549.0,195,31,1752,3920,2018,4,6,29330000
727,2018-04-07,토,O,구름 많음,8279,223.0,967,88,181,12741,2018,4,7,94690000
728,2018-04-08,일,O,흐림,7953,220.0,1168,139,0,12683,2018,4,8,93410000
729,2018-04-09,월,X,구름 조금,2904,760.0,180,50,943,5775,2018,4,9,38440000
730,2018-04-10,화,X,구름 많음,3045,531.0,150,66,1184,7236,2018,4,10,37260000
731,2018-04-11,수,X,맑음,1887,288.0,54,68,385,4184,2018,4,11,22290000
732,2018-04-12,목,X,맑음,3094,539.0,392,26,1460,7264,2018,4,12,40250000
733,2018-04-13,금,X,구름 많음,4035,1119.0,226,49,1743,8694,2018,4,13,53800000
734,2018-04-14,토,O,흐림,944,24.0,107,16,40,2097,2018,4,14,10750000
735,2018-04-15,일,O,구름 조금,14214,318.0,2110,145,30,21355,2018,4,15,166420000
736,2018-04-16,월,X,구름 조금,3110,21.0,168,31,376,5480,2018,4,16,32990000
737,2018-04-17,화,X,맑음,2173,32.0,325,26,844,5164,2018,4,17,25300000
738,2018-04-18,수,X,맑음,2083,89.0,654,61,1329,5634,2018,4,18,28260000
739,2018-04-19,목,X,맑음,2150,117.0,188,21,1053,5069,2018,4,19,24550000
740,2018-04-20,금,X,맑음,2759,100.0,600,43,1273,5353,2018,4,20,34590000
741,2018-04-21,토,O,구름 조금,18559,329.0,2714,200,1076,32610,2018,4,21,216020000
742,2018-04-22,일,O,눈/비,5156,56.0,720,81,974,7680,2018,4,22,59320000
743,2018-04-23,월,X,눈/비,55,2.0,4,0,0,288,2018,4,23,610000
744,2018-04-24,화,X,구름 많음,1122,25.0,538,44,1538,4340,2018,4,24,16850000
745,2018-04-25,수,X,맑음,2831,545.0,948,70,3560,8633,2018,4,25,43240000
746,2018-04-26,목,X,구름 조금,3347,6138.0,1289,76,10674,15833,2018,4,26,107740000
747,2018-04-27,금,X,맑음,9107,404.0,718,26,9758,14350,2018,4,27,102290000
748,2018-04-28,토,O,맑음,14736,313.0,2172,43,858,22964,2018,4,28,172210000
749,2018-04-29,일,O,구름 조금,19172,313.0,2970,229,681,29774,2018,4,29,224550000
750,2018-04-30,월,X,구름 조금,3387,158.0,490,37,1485,15101,2018,4,30,40350000
751,2018-05-01,화,X,흐림,13436,1974.0,1207,194,2092,22284,2018,5,1,166170000
752,2018-05-02,수,X,눈/비,227,338.0,132,14,449,1349,2018,5,2,6970000
753,2018-05-03,목,X,흐림,1251,1148.0,4091,24,6124,9103,2018,5,3,64900000
754,2018-05-04,금,X,맑음,3297,4471.0,604,47,5642,11398,2018,5,4,83720000
755,2018-05-05,토,O,맑음,28592,899.0,30,208,65,52310,2018,5,5,295210000
756,2018-05-06,일,O,눈/비,2109,162.0,353,65,125,3344,2018,5,6,26240000
757,2018-05-07,월,O,구름 많음,20266,900.0,3473,182,30,32821,2018,5,7,246390000
758,2018-05-08,화,X,,2370,895.0,335,17,1051,5728,2018,5,8,36000000
759,2018-05-09,수,X,,2360,160.0,418,34,1677,5892,2018,5,9,29380000
760,2018-05-10,목,X,,2028,433.0,677,35,2421,6762,2018,5,10,31380000
761,2018-05-11,금,X,구름 많음,2408,2943.0,699,1,5003,9835,2018,5,11,60500000
762,2018-05-12,토,O,눈/비,739,11.0,51,32,269,1345,2018,5,12,8010000
763,2018-05-13,일,O,구름 조금,14802,484.0,2079,209,503,23131,2018,5,13,173650000
764,2018-05-14,월,X,맑음,1755,219.0,179,24,905,4102,2018,5,14,21530000
765,2018-05-15,화,X,구름 많음,1494,829.0,153,28,1526,4825,2018,5,15,24760000
766,2018-05-16,수,X,눈/비,107,37.0,78,7,373,896,2018,5,16,2220000
767,2018-05-17,목,X,눈/비,211,583.0,36,7,752,1309,2018,5,17,8300000
768,2018-05-18,금,X,흐림,813,3092.0,347,19,3607,5492,2018,5,18,42520000
769,2018-05-19,토,O,맑음,20837,380.0,2830,110,396,33655,2018,5,19,240470000
770,2018-05-20,일,O,구름 많음,19838,555.0,3186,341,378,30449,2018,5,20,235790000
771,2018-05-21,월,X,구름 조금,10464,677.0,2262,65,735,19298,2018,5,21,134030000
772,2018-05-22,화,O,흐림,17400,600.0,3239,92,652,28495,2018,5,22,212390000
773,2018-05-23,수,X,맑음,2446,97.0,259,59,1417,6302,2018,5,23,28020000
774,2018-05-24,목,X,맑음,2224,426.0,56,123,1370,6387,2018,5,24,27060000
775,2018-05-25,금,X,구름 많음,2893,1923.0,304,92,2676,8457,2018,5,25,51200000
776,2018-05-26,토,O,맑음,18389,582.0,1876,201,1664,27705,2018,5,26,208470000
777,2018-05-27,일,O,구름 많음,21527,555.0,2257,373,324,32244,2018,5,27,243390000
778,2018-05-28,월,X,구름 조금,11939,10369.0,1604,180,10733,27205,2018,5,28,239120000
779,2018-05-29,화,X,구름 많음,3490,18.0,129,33,1690,8741,2018,5,29,36370000
780,2018-05-30,수,X,구름 많음,3939,134.0,56,79,742,7303,2018,5,30,41290000
781,2018-05-31,목,X,맑음,4562,468.0,104,117,1609,26276,2018,5,31,51340000
782,2018-06-01,금,X,맑음,4046,1997.0,214,106,3118,9969,2018,6,1,62570000
783,2018-06-02,토,O,맑음,18090,368.0,1767,208,431,26341,2018,6,2,202250000
784,2018-06-03,일,O,맑음,18092,384.0,1784,202,93,25808,2018,6,3,202600000
785,2018-06-04,월,X,구름 많음,3079,44.0,109,138,283,5922,2018,6,4,32320000
786,2018-06-05,화,X,구름 조금,3209,1276.0,193,111,2802,9027,2018,6,5,46780000
787,2018-06-06,수,O,맑음,19205,668.0,2236,261,338,29944,2018,6,6,221090000
788,2018-06-07,목,X,구름 조금,2504,512.0,86,56,1315,6171,2018,6,7,31020000
789,2018-06-08,금,X,구름 조금,2902,254.0,159,120,1173,7157,2018,6,8,33150000
790,2018-06-09,토,O,흐림,11826,373.0,1166,116,355,18036,2018,6,9,133650000
791,2018-06-10,일,O,흐림,13255,217.0,1554,171,89,19328,2018,6,10,150260000
792,2018-06-11,월,X,구름 많음,1669,68.0,91,39,449,3626,2018,6,11,18280000
793,2018-06-12,화,X,구름 조금,1920,841.0,236,42,1548,5547,2018,6,12,29970000
794,2018-06-13,수,O,구름 많음,11569,282.0,1466,205,0,17997,2018,6,13,133170000
795,2018-06-14,목,X,눈/비,911,13.0,38,33,62,1766,2018,6,14,9620000
796,2018-06-15,금,X,구름 조금,1710,424.0,177,38,1053,4362,2018,6,15,23110000
797,2018-06-16,토,O,구름 조금,10154,181.0,1220,38,70,15207,2018,6,16,115550000
798,2018-06-17,일,O,구름 많음,7963,162.0,1056,130,30,12254,2018,6,17,91810000
799,2018-06-18,월,X,맑음,1085,20.0,61,23,192,2432,2018,6,18,11660000
800,2018-06-19,화,X,구름 많음,1078,20.0,1012,60,1222,3781,2018,6,19,21100000
801,2018-06-20,수,X,구름 조금,1297,98.0,119,56,753,3212,2018,6,20,15140000
802,2018-06-21,목,X,맑음,1173,21.0,31,25,455,2893,2018,6,21,12250000
803,2018-06-22,금,X,구름 조금,1950,11576.0,896,49,13462,16022,2018,6,22,144220000
804,2018-06-23,토,O,구름 많음,5704,82.0,624,99,61,8845,2018,6,23,64100000
805,2018-06-24,일,O,맑음,4335,76.0,495,193,30,6553,2018,6,24,49060000
806,2018-06-25,월,X,구름 많음,1116,20.0,44,94,170,2284,2018,6,25,11800000
807,2018-06-26,화,X,눈/비,11753,769.0,1038,5,12927,13766,2018,6,26,135600000
808,2018-06-27,수,X,구름 많음,872,15.0,57,38,72,1986,2018,6,27,9440000
809,2018-06-28,목,X,구름 많음,703,14.0,47,20,254,1969,2018,6,28,7640000
810,2018-06-29,금,X,구름 많음,1013,5884.0,175,30,6067,8100,2018,6,29,70720000
811,2018-06-30,토,O,눈/비,1709,61.0,228,41,30,3604,2018,6,30,19980000
812,2018-07-01,일,O,눈/비,98,2.0,14,4,0,411,2018,7,1,1140000
813,2018-07-02,월,X,눈/비,101,1.0,3,15,0,334,2018,7,2,1050000
814,2018-07-03,화,X,구름 많음,747,32.0,47,35,73,1777,2018,7,3,8260000
815,2018-07-04,수,X,구름 많음,620,24.0,35,47,36,1568,2018,7,4,6790000
816,2018-07-05,목,X,,494,35.0,27,53,0,1283,2018,7,5,5560000
817,2018-07-06,금,X,구름 많음,1072,58.0,91,51,132,2418,2018,7,6,12210000
818,2018-07-07,토,O,구름 많음,7308,165.0,840,68,99,11179,2018,7,7,83130000
819,2018-07-08,일,O,흐림,8061,191.0,1057,106,35,12207,2018,7,8,93090000
820,2018-07-09,월,X,눈/비,164,5.0,14,21,0,574,2018,7,9,1830000
821,2018-07-10,화,X,흐림,659,66.0,47,32,63,1614,2018,7,10,7720000
822,2018-07-11,수,X,구름 많음,589,36.0,55,35,31,1407,2018,7,11,6800000
823,2018-07-12,목,X,구름 조금,1138,38.0,489,42,925,2517,2018,7,12,16650000
824,2018-07-13,금,X,구름 많음,570,52.0,42,24,84,1356,2018,7,13,6640000
825,2018-07-14,토,O,구름 조금,2269,91.0,278,125,0,3918,2018,7,14,26380000
826,2018-07-15,일,O,구름 조금,1692,121.0,190,38,67,3031,2018,7,15,20030000
827,2018-07-16,월,X,맑음,330,7.0,27,42,0,852,2018,7,16,3640000
828,2018-07-17,화,X,맑음,309,226.0,30,40,213,1139,2018,7,17,5650000
829,2018-07-18,수,X,맑음,10322,3296.0,527,43,10866,14697,2018,7,18,141450000
830,2018-07-19,목,X,맑음,275,42.0,29,58,0,899,2018,7,19,3460000
831,2018-07-20,금,X,맑음,237,100.0,38,25,63,756,2018,7,20,3750000
832,2018-07-21,토,O,맑음,660,27.0,60,40,32,1537,2018,7,21,7470000
833,2018-07-22,일,O,구름 조금,597,37.0,56,129,0,1228,2018,7,22,6900000
834,2018-07-23,월,X,,226,463.0,37,14,0,605,2018,7,23,2950000
835,2018-07-24,화,X,,168,56.0,23,26,33,516,2018,7,24,2470000
836,2018-07-25,수,X,,187,59.0,22,12,30,651,2018,7,25,2680000
837,2018-07-26,목,X,,257,41.0,42,21,0,712,2018,7,26,3400000
838,2018-07-27,금,X,구름 많음,220,1181.0,37,52,1157,1830,2018,7,27,14380000
839,2018-07-28,토,O,눈/비,602,21.0,80,63,70,1410,2018,7,28,7030000
840,2018-07-29,일,O,구름 조금,983,46.0,128,79,0,1620,2018,7,29,11570000
841,2018-07-30,월,X,구름 많음,478,46.0,57,15,0,937,2018,7,30,5810000
842,2018-07-31,화,X,구름 조금,399,45.0,63,58,0,1320,2018,7,31,5070000
843,2018-08-01,수,X,맑음,253,30.0,34,13,0,607,2018,8,1,3190000
844,2018-08-02,목,X,구름 조금,346,39.0,39,64,0,792,2018,8,2,4240000
845,2018-08-03,금,X,구름 조금,474,22.0,28,113,0,701,2018,8,3,5240000
846,2018-08-04,토,O,구름 조금,837,35.0,103,137,0,1558,2018,8,4,9750000
847,2018-08-05,일,O,구름 많음,930,38.0,120,27,0,1690,2018,8,5,10880000
848,2018-08-06,월,X,구름 많음,399,29.0,69,37,0,815,2018,8,6,4970000
849,2018-08-07,화,X,구름 많음,329,48.0,82,54,0,816,2018,8,7,4590000
850,2018-08-08,수,X,구름 많음,288,67.0,65,33,47,720,2018,8,8,4200000
851,2018-08-09,목,X,눈/비,329,61.0,286,15,258,1072,2018,8,9,6760000
852,2018-08-10,금,X,눈/비,315,51.0,66,37,0,725,2018,8,10,4320000
853,2018-08-11,토,O,구름 조금,1212,50.0,159,57,0,2070,2018,8,11,14210000
854,2018-08-12,일,O,구름 많음,2133,95.0,181,67,710,3107,2018,8,12,24090000
855,2018-08-13,월,X,구름 많음,385,34.0,113,32,30,865,2018,8,13,5320000
856,2018-08-14,화,X,구름 많음,283,264.0,52,5,33,943,2018,8,14,5990000
857,2018-08-15,수,O,구름 많음,1006,66.0,155,36,0,1790,2018,8,15,12270000
858,2018-08-16,목,X,구름 조금,292,17.0,74,13,0,755,2018,8,16,3830000
859,2018-08-17,금,X,맑음,668,379.0,102,19,361,1690,2018,8,17,11490000
860,2018-08-18,토,O,구름 조금,4947,110.0,618,86,31,7856,2018,8,18,56750000
861,2018-08-19,일,O,구름 많음,4939,109.0,565,131,0,7320,2018,8,19,56130000
862,2018-08-20,월,X,구름 많음,657,27.0,110,30,0,1315,2018,8,20,7940000
863,2018-08-21,화,X,구름 많음,537,23.0,93,29,0,1185,2018,8,21,6530000
864,2018-08-22,수,X,구름 조금,704,15.0,301,24,432,1501,2018,8,22,10200000
865,2018-08-23,목,X,눈/비,202,2.0,23,36,0,520,2018,8,23,2270000
866,2018-08-24,금,X,눈/비,212,11.0,34,23,0,480,2018,8,24,2570000
867,2018-08-25,토,O,구름 많음,6644,114.0,830,51,37,10258,2018,8,25,75880000
868,2018-08-26,일,O,눈/비,3161,64.0,458,83,0,5426,2018,8,26,36830000
869,2018-08-27,월,X,눈/비,218,5.0,15,22,0,549,2018,8,27,2380000
870,2018-08-28,화,X,눈/비,75,5.0,6,10,61,644,2018,8,28,860000
871,2018-08-29,수,X,눈/비,3408,215.0,340,20,3713,4342,2018,8,29,39630000
872,2018-08-30,목,X,구름 많음,518,5.0,38,30,0,1066,2018,8,30,5610000
873,2018-08-31,금,X,구름 많음,1114,58.0,79,8,38,2373,2018,8,31,12510000
874,2018-09-01,토,O,구름 조금,8969,132.0,1205,86,31,15182,2018,9,1,103060000
875,2018-09-02,일,O,구름 많음,10619,177.0,1487,61,0,15541,2018,9,2,122830000
876,2018-09-03,월,X,눈/비,173,1.0,9,19,51,684,2018,9,3,1830000
877,2018-09-04,화,X,구름 조금,1013,16.0,93,21,151,2211,2018,9,4,11220000
878,2018-09-05,수,X,맑음,1308,360.0,48,45,352,2910,2018,9,5,17160000
879,2018-09-06,목,X,구름 많음,1143,10.0,68,27,140,2383,2018,9,6,12210000
880,2018-09-07,금,X,구름 조금,1469,537.0,62,45,825,3470,2018,9,7,20680000
881,2018-09-08,토,O,맑음,14447,190.0,2417,63,965,22103,2018,9,8,170540000
882,2018-09-09,일,O,구름 조금,14333,222.0,2198,150,44,23202,2018,9,9,167530000
883,2018-09-10,월,X,구름 조금,1567,450.0,216,29,662,3329,2018,9,10,22330000
884,2018-09-11,화,X,구름 많음,1443,19.0,174,29,536,3546,2018,9,11,16360000
885,2018-09-12,수,X,구름 조금,1315,5.0,350,24,500,3032,2018,9,12,16700000
886,2018-09-13,목,X,구름 많음,1366,9.0,45,42,321,3182,2018,9,13,14200000
887,2018-09-14,금,X,흐림,1189,108.0,183,49,793,3111,2018,9,14,14800000
888,2018-09-15,토,O,흐림,6047,156.0,881,18,995,10686,2018,9,15,70840000
889,2018-09-16,일,O,흐림,5751,156.0,831,41,121,9048,2018,9,16,67380000
890,2018-09-17,월,X,맑음,1593,11.0,63,38,69,3011,2018,9,17,16670000
891,2018-09-18,화,X,구름 많음,1299,12.0,428,44,654,3310,2018,9,18,17390000
892,2018-09-19,수,X,구름 많음,4747,329.0,770,32,5044,7333,2018,9,19,58460000
893,2018-09-20,목,X,흐림,449,1.0,725,8,1028,1696,2018,9,20,11750000
894,2018-09-21,금,X,흐림,296,12.0,19,6,30,741,2018,9,21,3270000
895,2018-09-22,토,O,맑음,9398,193.0,1194,120,0,14301,2018,9,22,107850000
896,2018-09-23,일,O,구름 많음,8765,201.0,1095,367,0,13065,2018,9,23,100610000
897,2018-09-24,월,O,맑음,13551,413.0,1601,15,32,19661,2018,9,24,155650000
898,2018-09-25,화,O,맑음,19727,475.0,2861,296,0,29558,2018,9,25,230630000
899,2018-09-26,수,O,구름 조금,13346,308.0,2009,109,38,21131,2018,9,26,156630000
900,2018-09-27,목,X,,2444,429.0,490,35,731,5153,2018,9,27,33630000
901,2018-09-28,금,X,,1901,158.0,1572,24,2060,5910,2018,9,28,36310000
902,2018-09-29,토,O,,13378,199.0,2015,170,256,22289,2018,9,29,155920000
903,2018-09-30,일,O,,12985,175.0,1898,83,306,19868,2018,9,30,150580000
904,2018-10-01,월,X,구름 많음,1364,20.0,134,21,593,3207,2018,10,1,15180000
905,2018-10-02,화,X,맑음,1680,138.0,210,27,1321,4863,2018,10,2,20280000
906,2018-10-03,수,O,맑음,17506,245.0,2908,164,138,27449,2018,10,3,206590000
907,2018-10-04,목,X,구름 조금,1614,17.0,229,31,883,4159,2018,10,4,18600000
908,2018-10-05,금,X,눈/비,273,444.0,218,6,914,1426,2018,10,5,9350000
909,2018-10-06,토,O,눈/비,800,24.0,89,14,55,1355,2018,10,6,9130000
910,2018-10-07,일,O,구름 조금,13477,301.0,2379,117,66,22060,2018,10,7,161570000
911,2018-10-08,월,X,구름 조금,5534,731.0,1649,53,1062,11611,2018,10,8,79140000
912,2018-10-09,화,O,구름 많음,16005,388.0,2989,30,320,27514,2018,10,9,193820000
913,2018-10-10,수,X,구름 조금,1021,542.0,189,6,1019,3384,2018,10,10,17520000
914,2018-10-11,목,X,구름 조금,1541,229.0,494,27,2031,5071,2018,10,11,22640000
915,2018-10-12,금,X,맑음,1819,2194.0,770,40,3996,8295,2018,10,12,47830000
916,2018-10-13,토,O,맑음,10338,209.0,1492,36,1106,16641,2018,10,13,120390000
917,2018-10-14,일,O,구름 많음,10960,237.0,1831,62,52,17762,2018,10,14,130280000
918,2018-10-15,월,X,맑음,3839,250.0,2016,37,4767,7580,2018,10,15,61050000
919,2018-10-16,화,X,구름 많음,1311,709.0,577,28,1588,4861,2018,10,16,25970000
920,2018-10-17,수,X,맑음,1687,222.0,845,53,1778,5903,2018,10,17,27540000
921,2018-10-18,목,X,눈/비,1799,123.0,764,23,1359,5146,2018,10,18,26860000
922,2018-10-19,금,X,,4349,2925.0,992,14,4282,11385,2018,10,19,82660000
923,2018-10-20,토,O,,14068,305.0,2285,76,2527,22515,2018,10,20,166580000
924,2018-10-21,일,O,,13338,361.0,2162,139,118,21366,2018,10,21,158610000
925,2018-10-22,월,X,,2041,128.0,96,65,331,4455,2018,10,22,22650000
926,2018-10-23,화,X,눈/비,733,214.0,403,2,692,2405,2018,10,23,13500000
927,2018-10-24,수,X,맑음,2077,32.0,584,26,1102,5240,2018,10,24,26930000
928,2018-10-25,목,X,구름 조금,2549,202.0,645,10,1475,6662,2018,10,25,33960000
929,2018-10-26,금,X,눈/비,10467,1122.0,2095,8,13007,14286,2018,10,26,136840000
930,2018-10-27,토,O,구름 많음,11443,402.0,3096,107,7691,21561,2018,10,27,149410000
931,2018-10-28,일,O,눈/비,3067,118.0,383,29,0,4916,2018,10,28,35680000
932,2018-10-29,월,X,구름 많음,1405,39.0,106,11,690,3342,2018,10,29,15500000
933,2018-10-30,화,X,구름 조금,1351,27.0,349,3,761,3786,2018,10,30,17270000
934,2018-10-31,수,X,맑음,1303,2282.0,214,48,1041,5730,2018,10,31,37990000
935,2018-11-01,목,X,맑음,1323,60.0,198,31,890,3923,2018,11,1,15810000
936,2018-11-02,금,X,맑음,2486,320.0,402,41,1250,5152,2018,11,2,32080000
937,2018-11-03,토,O,맑음,9817,231.0,1525,152,436,16626,2018,11,3,115730000
938,2018-11-04,일,O,구름 조금,10223,307.0,1595,79,195,15903,2018,11,4,121250000
939,2018-11-05,월,X,구름 조금,1267,12.0,63,18,30,2780,2018,11,5,13420000
940,2018-11-06,화,X,구름 많음,689,48.0,101,23,136,2108,2018,11,6,8380000
941,2018-11-07,수,X,흐림,495,3.0,60,6,226,1321,2018,11,7,5580000
942,2018-11-08,목,X,눈/비,106,140.0,3,4,205,576,2018,11,8,2490000
943,2018-11-09,금,X,구름 조금,916,525.0,286,32,880,2922,2018,11,9,17270000
944,2018-11-10,토,O,맑음,3376,132.0,545,87,288,6233,2018,11,10,40530000
945,2018-11-11,일,O,눈/비,3061,236.0,453,13,677,5204,2018,11,11,37500000
946,2018-11-12,월,X,맑음,981,15.0,133,27,86,2316,2018,11,12,11290000
947,2018-11-13,화,X,맑음,844,9.0,43,10,30,2244,2018,11,13,8960000
948,2018-11-14,수,X,맑음,859,75.0,36,14,50,2219,2018,11,14,9700000
949,2018-11-15,목,X,구름 많음,758,144.0,69,19,81,1911,2018,11,15,9710000
950,2018-11-16,금,X,구름 많음,674,44.0,32,11,151,1626,2018,11,16,7500000
951,2018-11-17,토,O,구름 많음,4052,117.0,553,51,137,6659,2018,11,17,47220000
952,2018-11-18,일,O,구름 많음,4023,111.0,555,30,0,6404,2018,11,18,46890000
953,2018-11-19,월,X,구름 조금,544,14.0,26,15,73,1383,2018,11,19,5840000
954,2018-11-20,화,X,맑음,480,8.0,20,27,0,1427,2018,11,20,5080000
955,2018-11-21,수,X,눈/비,277,32.0,6,4,151,893,2018,11,21,3150000
956,2018-11-22,목,X,맑음,553,25.0,3673,29,3809,4964,2018,11,22,42510000
957,2018-11-23,금,X,맑음,396,37.0,33,21,0,1208,2018,11,23,4660000
958,2018-11-24,토,O,구름 많음,625,14.0,61,20,0,1404,2018,11,24,7000000
959,2018-11-25,일,O,구름 조금,1996,70.0,252,50,67,3699,2018,11,25,23180000
960,2018-11-26,월,X,,411,12.0,16,23,0,1169,2018,11,26,4390000
961,2018-11-27,화,X,구름 많음,223,65.0,9,8,33,923,2018,11,27,2970000
962,2018-11-28,수,X,구름 조금,206,23.0,12,2,32,895,2018,11,28,2410000
963,2018-11-29,목,X,구름 많음,7646,18.0,41,16,7527,8472,2018,11,29,77050000
964,2018-11-30,금,X,구름 조금,311,42.0,45,30,30,987,2018,11,30,3980000
965,2018-12-01,토,O,맑음,2106,35.0,299,46,28,4005,2018,12,1,24400000
966,2018-12-02,일,O,흐림,1851,80.0,290,26,0,3381,2018,12,2,22210000
967,2018-12-03,월,X,흐림,44,10.0,1,0,0,356,2018,12,3,550000
968,2018-12-04,화,X,구름 많음,116,23.0,5,4,0,610,2018,12,4,1440000
969,2018-12-05,수,X,구름 많음,150,7.0,56,19,43,815,2018,12,5,2130000
970,2018-12-06,목,X,구름 많음,161,18.0,6,0,0,878,2018,12,6,1850000
971,2018-12-07,금,X,구름 조금,81,29.0,20,18,0,440,2018,12,7,1300000
972,2018-12-08,토,O,구름 조금,200,14.0,109,13,79,807,2018,12,8,3230000
973,2018-12-09,일,O,구름 조금,227,18.0,18,10,0,808,2018,12,9,2630000
974,2018-12-10,월,X,맑음,102,17.0,6,9,0,553,2018,12,10,1250000
975,2018-12-11,화,X,흐림,64,248.0,14,0,0,997,2018,12,11,3260000
976,2018-12-12,수,X,맑음,959,156.0,437,6,121,2089,2018,12,12,15520000
977,2018-12-13,목,X,구름 조금,82,373.0,9,5,359,854,2018,12,13,4640000
978,2018-12-14,금,X,맑음,80,12.0,4,7,0,456,2018,12,14,960000
979,2018-12-15,토,O,구름 조금,465,66.0,63,22,0,1381,2018,12,15,5940000
980,2018-12-16,일,O,흐림,359,18.0,52,14,0,1134,2018,12,16,4290000
981,2018-12-17,월,X,맑음,148,4.0,7,15,0,656,2018,12,17,1590000
982,2018-12-18,화,X,구름 조금,143,24.0,10,22,0,861,2018,12,18,1770000
983,2018-12-19,수,X,구름 조금,173,29.0,5,0,36,809,2018,12,19,2070000
984,2018-12-20,목,X,구름 조금,202,55.0,12,13,0,876,2018,12,20,2690000
985,2018-12-21,금,X,구름 많음,162,932.0,8,1,0,1630,2018,12,21,11020000
986,2018-12-22,토,O,구름 조금,816,80.0,76,23,41,1982,2018,12,22,9720000
987,2018-12-23,일,O,맑음,1422,52.0,164,41,32,2948,2018,12,23,16380000
988,2018-12-24,월,X,맑음,451,18.0,30,19,0,982,2018,12,24,4990000
989,2018-12-25,화,O,흐림,1427,165.0,117,28,0,2402,2018,12,25,17090000
990,2018-12-26,수,X,구름 조금,223,10.0,17,23,0,752,2018,12,26,2500000
991,2018-12-27,목,X,맑음,2960,33.0,505,10,3422,3943,2018,12,27,34980000
992,2018-12-28,금,X,맑음,59,7.0,4,14,0,357,2018,12,28,700000
993,2018-12-29,토,O,맑음,198,13.0,27,27,0,734,2018,12,29,2380000
994,2018-12-30,일,O,맑음,371,21.0,57,37,0,915,2018,12,30,4490000
995,2018-12-31,월,X,맑음,343,22.0,25,17,0,834,2018,12,31,3900000
996,2019-01-01,화,X,구름 조금,776,48.0,95,54,0,1524,2019,1,1,9190000
997,2019-01-02,수,X,맑음,147,14.0,14,11,0,634,2019,1,2,1750000
998,2019-01-03,목,X,맑음,153,8.0,21,16,0,777,2019,1,3,1820000
999,2019-01-04,금,X,구름 많음,144,14.0,23,3,0,690,2019,1,4,1810000
1000,2019-01-05,토,O,,621,32.0,87,16,0,1601,2019,1,5,7400000
1001,2019-01-06,일,O,,842,34.0,137,17,0,2057,2019,1,6,10130000
1002,2019-01-07,월,X,,158,8.0,47,26,0,773,2019,1,7,2130000
1003,2019-01-08,화,X,,125,12.0,15,5,0,804,2019,1,8,1520000
1004,2019-01-09,수,X,구름 많음,82,10.0,8,7,0,529,2019,1,9,1000000
1005,2019-01-10,목,X,구름 많음,159,19.0,25,16,31,839,2019,1,10,2030000
1006,2019-01-11,금,X,,198,26.0,24,29,0,814,2019,1,11,2480000
1007,2019-01-12,토,O,맑음,713,42.0,84,5,30,1855,2019,1,12,8390000
1008,2019-01-13,일,O,,763,31.0,93,56,30,1680,2019,1,13,8870000
1009,2019-01-14,월,X,,93,11.0,8,5,0,433,2019,1,14,1120000
1010,2019-01-15,화,X,,94,11.0,14,5,0,493,2019,1,15,1190000
1011,2019-01-16,수,X,맑음,141,11.0,17,12,0,674,2019,1,16,1690000
1012,2019-01-17,목,X,맑음,366,18.0,160,9,301,1220,2019,1,17,5440000
1013,2019-01-18,금,X,맑음,180,20.0,38,6,0,810,2019,1,18,2380000
1014,2019-01-19,토,O,흐림,737,36.0,113,21,0,1738,2019,1,19,8860000
1015,2019-01-20,일,O,맑음,970,28.0,141,14,0,2064,2019,1,20,11390000
1016,2019-01-21,월,X,구름 조금,147,24.0,43,6,0,731,2019,1,21,2140000
1017,2019-01-22,화,X,구름 조금,257,17.0,26,4,38,988,2019,1,22,3000000
1018,2019-01-23,수,X,맑음,172,11.0,30,11,0,756,2019,1,23,2130000
1019,2019-01-24,목,X,구름 조금,231,12.0,47,4,0,1010,2019,1,24,2900000
1020,2019-01-25,금,X,,198,25.0,33,16,0,882,2019,1,25,2560000
1021,2019-01-26,토,O,,736,35.0,114,11,73,2023,2019,1,26,8850000
1022,2019-01-27,일,O,,1197,42.0,161,32,0,2391,2019,1,27,14000000
1023,2019-01-28,월,X,,191,12.0,20,7,0,703,2019,1,28,2230000
1024,2019-01-29,화,X,구름 조금,267,20.0,26,22,0,938,2019,1,29,3130000
1025,2019-01-30,수,X,구름 많음,173,24.0,18,10,0,716,2019,1,30,2150000
1026,2019-01-31,목,X,구름 많음,888,29.0,172,11,934,1624,2019,1,31,10890000
1027,2019-02-01,금,X,맑음,137,15.0,16,15,0,626,2019,2,1,1680000
1028,2019-02-02,토,O,구름 많음,678,24.0,78,30,32,1630,2019,2,2,7800000
1029,2019-02-03,일,O,눈/비,129,6.0,13,1,30,405,2019,2,3,1480000
1030,2019-02-04,월,O,,1631,59.0,193,78,0,2550,2019,2,4,18830000
1031,2019-02-05,화,O,,2619,101.0,344,200,30,3855,2019,2,5,30640000
1032,2019-02-06,수,O,,2057,98.0,298,83,0,4046,2019,2,6,24530000
1033,2019-02-07,목,X,구름 조금,338,13.0,82,9,0,996,2019,2,7,4330000
1034,2019-02-08,금,X,,143,203.0,49,11,192,771,2019,2,8,3950000
1035,2019-02-09,토,O,맑음,745,40.0,125,21,63,1771,2019,2,9,9100000
1036,2019-02-10,일,O,구름 많음,702,54.0,93,44,0,1652,2019,2,10,8490000
1037,2019-02-11,월,X,맑음,183,18.0,30,9,0,732,2019,2,11,2310000
1038,2019-02-12,화,X,구름 조금,221,23.0,26,30,0,1041,2019,2,12,2700000
1039,2019-02-13,수,X,맑음,199,22.0,33,12,0,917,2019,2,13,2540000
1040,2019-02-14,목,X,구름 많음,448,33.0,225,27,0,1290,2019,2,14,7060000
1041,2019-02-15,금,X,흐림,109,11.0,10,1,0,587,2019,2,15,1300000
1042,2019-02-16,토,O,맑음,810,47.0,130,22,0,1889,2019,2,16,9870000
1043,2019-02-17,일,O,맑음,1507,44.0,237,50,0,2834,2019,2,17,17880000
1044,2019-02-18,월,X,,394,42.0,84,34,0,1084,2019,2,18,5200000
1045,2019-02-19,화,X,,80,10.0,16,6,0,514,2019,2,19,1060000
1046,2019-02-20,수,X,,194,27.0,29,9,0,832,2019,2,20,2500000
1047,2019-02-21,목,X,맑음,288,33.0,53,10,0,998,2019,2,21,3740000
1048,2019-02-22,금,X,구름 많음,302,35.0,36,9,0,1005,2019,2,22,3730000
1049,2019-02-23,토,O,맑음,2259,88.0,291,26,2,4086,2019,2,23,26380000
1050,2019-02-24,일,O,,4393,165.0,703,118,0,7466,2019,2,24,52610000
1051,2019-02-25,월,X,,580,46.0,124,29,35,1428,2019,2,25,7500000
1052,2019-02-26,화,X,,1002,67.0,204,14,0,2285,2019,2,26,12730000
1053,2019-02-27,수,X,구름 많음,1283,63.0,370,23,529,2595,2019,2,27,17160000
1054,2019-02-28,목,X,구름 조금,919,81.0,210,2,0,2135,2019,2,28,12100000
1055,2019-03-01,금,O,,3868,206.0,656,23,107,6264,2019,3,1,47300000
1056,2019-03-02,토,O,,3358,156.0,550,56,0,5491,2019,3,2,40640000
1057,2019-03-03,일,O,,2703,135.0,322,21,0,4393,2019,3,3,31600000
1058,2019-03-04,월,X,,338,9.0,9,2,0,822,2019,3,4,3560000
1059,2019-03-05,화,X,구름 많음,208,2.0,3,16,0,649,2019,3,5,2130000
1060,2019-03-06,수,X,구름 많음,127,0.0,3,2,0,513,2019,3,6,1300000
1061,2019-03-07,목,X,,505,4.0,7,4,0,1196,2019,3,7,5160000
1062,2019-03-08,금,X,,764,2.0,26,18,0,1622,2019,3,8,7920000
1063,2019-03-09,토,O,,11023,157.0,1422,52,74,17833,2019,3,9,126020000
1064,2019-03-10,일,O,,5512,86.0,789,42,0,9254,2019,3,10,63870000
1065,2019-03-11,월,X,,399,8.0,13,10,0,1025,2019,3,11,4200000
1066,2019-03-12,화,X,,462,0.0,279,13,603,1326,2019,3,12,7410000
1067,2019-03-13,수,X,,347,5.0,9,1,33,1064,2019,3,13,3610000
1068,2019-03-14,목,X,,469,2.0,21,21,0,1351,2019,3,14,4920000
1069,2019-03-15,금,X,눈/비,296,1.0,100,16,128,963,2019,3,15,3970000
1070,2019-03-16,토,O,구름 많음,4774,81.0,790,68,98,8722,2019,3,16,56450000
1071,2019-03-17,일,O,,10313,199.0,1657,51,30,15718,2019,3,17,121690000
1072,2019-03-18,월,X,,1019,5.0,31,33,0,1945,2019,3,18,10550000
1073,2019-03-19,화,X,,939,4.0,30,3,31,2077,2019,3,19,9730000
1074,2019-03-20,수,X,흐림,212,34.0,7,0,0,759,2019,3,20,2530000
1075,2019-03-21,목,X,구름 많음,373,1.0,72,13,60,1144,2019,3,21,4460000
1076,2019-03-22,금,X,맑음,634,11.0,23,36,0,1477,2019,3,22,6680000
1077,2019-03-23,토,O,눈/비,1760,44.0,293,42,0,3562,2019,3,23,20970000
1078,2019-03-24,일,O,맑음,8502,161.0,1376,74,35,12787,2019,3,24,100390000
1079,2019-03-25,월,X,구름 많음,725,8.0,35,5,0,1538,2019,3,25,7680000
1080,2019-03-26,화,X,구름 조금,739,13.0,39,31,0,1744,2019,3,26,7910000
1081,2019-03-27,수,X,구름 많음,464,10.0,30,21,0,1117,2019,3,27,5040000
1082,2019-03-28,목,X,구름 많음,687,46.0,28,35,108,1665,2019,3,28,7610000
1083,2019-03-29,금,X,구름 조금,1447,120.0,77,14,188,2870,2019,3,29,16440000
1084,2019-03-30,토,O,흐림,1326,44.0,169,29,115,2452,2019,3,30,15390000
1085,2019-03-31,일,O,구름 조금,2563,111.0,387,53,0,4418,2019,3,31,30610000
