날짜,미세먼지,초미세먼지,오존,이산화질소,일산화탄소,아황산가스
20160101,68,45,0.006,0.047,1,0.006
20160102,51,31,0.009,0.044,0.7,0.006
20160103,96,58,0.013,0.049,0.9,0.007
20160104,74,47,0.025,0.025,0.6,0.006
20160105,32,16,0.016,0.025,0.4,0.006
20160106,56,29,0.008,0.041,0.7,0.007
20160107,39,20,0.016,0.026,0.5,0.006
20160108,34,18,0.014,0.03,0.5,0.006
20160109,37,19,0.014,0.032,0.5,0.006
20160110,32,19,0.02,0.026,0.5,0.006
20160111,40,21,0.017,0.028,0.5,0.006
20160112,49,24,0.012,0.035,0.6,0.006
20160113,38,20,0.014,0.032,0.5,0.005
20160114,43,21,0.011,0.037,0.6,0.006
20160115,51,29,0.007,0.049,0.7,0.006
20160116,69,43,0.005,0.049,0.8,0.006
20160117,69,46,0.007,0.047,0.9,0.006
20160118,56,32,0.021,0.023,0.6,0.005
20160119,33,13,0.024,0.015,0.4,0.005
20160120,38,22,0.014,0.031,0.5,0.005
20160121,51,30,0.011,0.039,0.7,0.006
20160122,50,27,0.014,0.034,0.6,0.006
20160123,32,14,0.026,0.015,0.4,0.005
20160124,38,19,0.024,0.015,0.4,0.006
20160125,50,17,0.014,0.033,0.5,0.006
20160126,78,37,0.005,0.055,0.9,0.008
20160127,63,31,0.012,0.047,0.8,0.007
20160128,58,31,0.005,0.056,0.9,0.006
20160129,50,26,0.009,0.043,0.7,0.007
20160130,40,24,0.009,0.042,0.8,0.006
20160131,39,21,0.025,0.02,0.5,0.006
20160201,40,18,0.021,0.025,0.5,0.005
20160202,45,22,0.015,0.038,0.6,0.006
20160203,56,30,0.009,0.054,0.9,0.007
20160204,55,30,0.015,0.043,0.8,0.007
20160205,45,21,0.018,0.035,0.6,0.006
20160206,50,24,0.025,0.023,0.5,0.007
20160207,46,24,0.015,0.034,0.6,0.006
20160208,73,41,0.024,0.031,0.7,0.007
20160209,50,25,0.027,0.02,0.5,0.007
20160210,40,22,0.009,0.045,0.8,0.006
20160211,46,25,0.01,0.05,0.8,0.007
20160212,33,21,0.01,0.042,0.7,0.005
20160213,15,10,0.006,0.035,0.7,0.005
20160214,29,17,0.023,0.014,0.4,0.004
20160215,33,11,0.027,0.018,0.4,0.004
20160216,27,15,0.018,0.029,0.5,0.005
20160217,38,15,0.015,0.036,0.5,0.005
20160218,44,22,0.021,0.038,0.6,0.006
20160219,82,41,0.008,0.046,0.9,0.007
20160220,44,18,0.02,0.031,0.5,0.005
20160221,26,12,0.029,0.019,0.4,0.005
20160222,43,18,0.011,0.042,0.5,0.005
20160223,53,27,0.02,0.029,0.5,0.005
20160224,32,17,0.023,0.026,0.4,0.005
20160225,51,28,0.02,0.034,0.6,0.006
20160226,49,28,0.022,0.036,0.6,0.007
20160227,65,40,0.019,0.04,0.6,0.006
20160228,46,28,0.016,0.041,0.6,0.005
20160229,54,28,0.029,0.02,0.4,0.005
20160301,31,17,0.027,0.024,0.4,0.005
20160302,36,20,0.02,0.036,0.5,0.006
20160303,56,30,0.019,0.044,0.5,0.005
20160304,68,36,0.018,0.046,0.6,0.006
20160305,22,14,0.012,0.032,0.5,0.005
20160306,94,23,0.024,0.023,0.5,0.005
20160307,108,28,0.008,0.049,0.7,0.005
20160308,71,20,0.027,0.023,0.5,0.005
20160309,44,15,0.027,0.018,0.4,0.005
20160310,35,14,0.029,0.017,0.4,0.005
20160311,36,17,0.029,0.023,0.4,0.005
20160312,43,19,0.024,0.032,0.5,0.005
20160313,61,35,0.026,0.035,0.6,0.006
20160314,64,42,0.032,0.029,0.6,0.005
20160315,57,28,0.021,0.046,0.6,0.006
20160316,64,32,0.02,0.053,0.6,0.008
20160317,76,40,0.008,0.074,0.9,0.007
20160318,66,36,0.02,0.056,0.8,0.007
20160319,77,39,0.029,0.035,0.6,0.005
20160320,83,44,0.024,0.042,0.7,0.007
20160321,87,48,0.022,0.051,0.7,0.007
20160322,72,44,0.028,0.044,0.6,0.006
20160323,81,46,0.032,0.03,0.5,0.005
20160324,41,21,0.029,0.027,0.4,0.004
20160325,70,35,0.023,0.042,0.6,0.006
20160326,66,40,0.026,0.042,0.6,0.005
20160327,66,40,0.037,0.035,0.6,0.006
20160328,70,40,0.033,0.048,0.6,0.008
20160329,97,51,0.049,0.035,0.6,0.007
20160330,91,48,0.031,0.039,0.6,0.006
20160331,51,22,0.017,0.057,0.6,0.007
20160401,72,30,0.024,0.061,0.7,0.007
20160402,80,39,0.037,0.05,0.7,0.008
20160403,52,31,0.028,0.029,0.5,0.004
20160404,29,12,0.021,0.033,0.5,0.004
20160405,58,22,0.028,0.038,0.5,0.007
20160406,74,36,0.027,0.05,0.6,0.008
20160407,43,24,0.033,0.03,0.5,0.005
20160408,77,39,0.03,0.034,0.5,0.006
20160409,117,58,0.019,0.041,0.8,0.006
20160410,134,68,0.039,0.031,0.8,0.006
20160411,46,20,0.031,0.031,0.4,0.004
20160412,57,27,0.03,0.035,0.5,0.005
20160413,58,32,0.021,0.045,0.6,0.005
20160414,57,30,0.017,0.042,0.6,0.005
20160415,54,27,0.031,0.039,0.6,0.005
20160416,51,24,0.029,0.04,0.5,0.005
20160417,46,16,0.04,0.015,0.4,0.004
20160418,63,23,0.035,0.025,0.5,0.005
20160419,45,20,0.03,0.031,0.4,0.004
20160420,63,31,0.02,0.047,0.6,0.005
20160421,27,17,0.028,0.031,0.4,0.004
20160422,81,47,0.034,0.031,0.6,0.005
20160423,198,42,0.027,0.032,0.6,0.004
20160424,144,26,0.031,0.031,0.5,0.004
20160425,76,24,0.023,0.051,0.6,0.005
20160426,78,29,0.037,0.039,0.6,0.005
20160427,50,16,0.045,0.021,0.4,0.004
20160428,58,20,0.035,0.033,0.4,0.004
20160429,63,27,0.039,0.033,0.5,0.005
20160430,76,35,0.058,0.027,0.6,0.007
20160501,45,20,0.05,0.024,0.5,0.005
20160502,46,24,0.03,0.03,0.5,0.004
20160503,19,9,0.03,0.015,0.3,0.004
20160504,49,12,0.041,0.018,0.3,0.004
20160505,54,21,0.03,0.036,0.6,0.005
20160506,46,22,0.022,0.032,0.5,0.004
20160507,112,22,0.03,0.026,0.5,0.005
20160508,52,16,0.039,0.027,0.5,0.005
20160509,59,21,0.038,0.033,0.5,0.005
20160510,31,14,0.036,0.022,0.4,0.004
20160511,29,13,0.034,0.027,0.4,0.004
20160512,29,15,0.035,0.03,0.4,0.005
20160513,39,21,0.043,0.024,0.5,0.004
20160514,34,18,0.039,0.03,0.5,0.005
20160515,33,19,0.039,0.02,0.4,0.004
20160516,35,17,0.042,0.021,0.5,0.005
20160517,67,37,0.041,0.041,0.6,0.008
20160518,51,28,0.033,0.045,0.6,0.006
20160519,39,20,0.033,0.041,0.5,0.004
20160520,52,30,0.041,0.048,0.5,0.005
20160521,38,25,0.042,0.036,0.4,0.004
20160522,55,38,0.053,0.033,0.5,0.005
20160523,68,45,0.047,0.041,0.5,0.006
20160524,33,23,0.042,0.023,0.4,0.004
20160525,90,61,0.053,0.024,0.5,0.005
20160526,106,71,0.038,0.038,0.7,0.006
20160527,91,54,0.037,0.038,0.6,0.005
20160528,77,39,0.039,0.037,0.5,0.006
20160529,82,42,0.045,0.032,0.6,0.007
20160530,92,54,0.052,0.032,0.6,0.006
20160531,78,46,0.044,0.028,0.5,0.006
20160601,41,22,0.039,0.025,0.4,0.004
20160602,36,18,0.039,0.031,0.4,0.005
20160603,46,25,0.043,0.034,0.4,0.005
20160604,52,28,0.033,0.036,0.5,0.004
20160605,50,28,0.047,0.028,0.4,0.004
20160606,22,13,0.044,0.018,0.3,0.004
20160607,42,26,0.033,0.029,0.4,0.005
20160608,38,24,0.027,0.028,0.4,0.004
20160609,53,31,0.028,0.034,0.4,0.005
20160610,60,36,0.034,0.039,0.5,0.006
20160611,48,31,0.026,0.023,0.4,0.005
20160612,30,20,0.024,0.016,0.3,0.004
20160613,63,36,0.031,0.028,0.5,0.004
20160614,51,31,0.035,0.033,0.5,0.005
20160615,36,23,0.029,0.024,0.4,0.004
20160616,31,19,0.043,0.019,0.4,0.004
20160617,54,36,0.054,0.025,0.5,0.005
20160618,66,45,0.048,0.031,0.6,0.005
20160619,40,28,0.035,0.024,0.5,0.004
20160620,52,35,0.043,0.03,0.5,0.005
20160621,62,42,0.046,0.042,0.6,0.005
20160622,70,48,0.034,0.038,0.6,0.005
20160623,44,30,0.036,0.029,0.5,0.005
20160624,55,32,0.032,0.027,0.4,0.004
20160625,32,17,0.04,0.021,0.4,0.004
20160626,31,18,0.041,0.019,0.4,0.005
20160627,35,21,0.034,0.034,0.4,0.006
20160628,61,41,0.04,0.034,0.5,0.005
20160629,36,24,0.039,0.03,0.4,0.005
20160630,30,20,0.028,0.022,0.4,0.004
20160701,21,14,0.018,0.024,0.3,0.004
20160702,14,9,0.029,0.019,0.3,0.004
20160703,41,29,0.043,0.019,0.4,0.004
20160704,21,14,0.021,0.025,0.4,0.003
20160705,13,8,0.012,0.019,0.4,0.004
20160706,18,9,0.023,0.024,0.4,0.004
20160707,42,26,0.025,0.038,0.5,0.006
20160708,56,36,0.034,0.032,0.5,0.004
20160709,39,23,0.029,0.026,0.4,0.004
20160710,35,22,0.03,0.028,0.4,0.005
20160711,54,36,0.039,0.035,0.5,0.005
20160712,38,27,0.026,0.03,0.4,0.006
20160713,30,17,0.014,0.025,0.3,0.005
20160714,29,17,0.03,0.023,0.3,0.004
20160715,18,10,0.026,0.02,0.3,0.004
20160716,9,5,0.018,0.017,0.3,0.004
20160717,14,9,0.021,0.015,0.3,0.004
20160718,28,16,0.018,0.025,0.4,0.005
20160719,36,21,0.036,0.03,0.4,0.004
20160720,37,23,0.037,0.028,0.4,0.004
20160721,31,19,0.035,0.025,0.4,0.004
20160722,36,23,0.036,0.024,0.4,0.004
20160723,41,27,0.028,0.024,0.4,0.004
20160724,38,25,0.019,0.019,0.3,0.004
20160725,44,31,0.019,0.023,0.3,0.005
20160726,34,23,0.015,0.019,0.3,0.005
20160727,35,23,0.016,0.019,0.3,0.004
20160728,57,39,0.04,0.02,0.5,0.004
20160729,46,29,0.02,0.031,0.5,0.004
20160730,44,30,0.029,0.023,0.4,0.004
20160731,39,27,0.018,0.017,0.3,0.004
20160801,33,22,0.014,0.021,0.4,0.004
20160802,27,16,0.013,0.025,0.4,0.004
20160803,29,17,0.027,0.028,0.4,0.004
20160804,32,20,0.029,0.027,0.4,0.004
20160805,40,26,0.039,0.03,0.5,0.004
20160806,59,39,0.049,0.03,0.6,0.004
20160807,36,25,0.038,0.022,0.4,0.004
20160808,40,25,0.03,0.023,0.4,0.004
20160809,32,22,0.036,0.027,0.4,0.004
20160810,64,44,0.039,0.027,0.5,0.005
20160811,32,20,0.026,0.023,0.4,0.004
20160812,42,28,0.027,0.024,0.4,0.004
20160813,36,25,0.021,0.019,0.3,0.004
20160814,36,27,0.02,0.014,0.3,0.004
20160815,36,23,0.03,0.018,0.4,0.004
20160816,46,29,0.037,0.027,0.5,0.005
20160817,42,25,0.034,0.027,0.4,0.004
20160818,53,35,0.043,0.033,0.5,0.005
20160819,60,42,0.039,0.037,0.5,0.005
20160820,33,21,0.038,0.023,0.4,0.004
20160821,27,18,0.043,0.017,0.3,0.004
20160822,29,18,0.036,0.023,0.3,0.004
20160823,34,21,0.032,0.028,0.4,0.004
20160824,35,22,0.03,0.029,0.4,0.005
20160825,30,18,0.025,0.026,0.4,0.004
20160826,14,6,0.029,0.015,0.3,0.004
20160827,13,5,0.028,0.016,0.3,0.004
20160828,11,4,0.023,0.011,0.3,0.004
20160829,16,7,0.02,0.018,0.3,0.004
20160830,28,9,0.022,0.017,0.3,0.004
20160831,18,7,0.018,0.018,0.3,0.004
20160901,60,33,0.04,0.027,0.6,0.005
20160902,33,23,0.039,0.02,0.4,0.004
20160903,21,13,0.03,0.024,0.4,0.004
20160904,22,13,0.021,0.022,0.5,0.004
20160905,31,17,0.022,0.026,0.5,0.004
20160906,58,35,0.027,0.031,0.5,0.005
20160907,76,51,0.029,0.03,0.6,0.005
20160908,48,30,0.019,0.035,0.6,0.005
20160909,42,27,0.025,0.032,0.6,0.004
20160910,41,27,0.032,0.029,0.5,0.004
20160911,39,27,0.039,0.02,0.5,0.004
20160912,29,18,0.018,0.026,0.5,0.004
20160913,18,10,0.022,0.025,0.4,0.004
20160914,32,21,0.032,0.024,0.5,0.004
20160915,41,27,0.028,0.023,0.5,0.004
20160916,50,35,0.036,0.022,0.5,0.007
20160917,29,20,0.036,0.013,0.4,0.004
20160918,23,13,0.035,0.011,0.3,0.003
20160919,13,5,0.027,0.014,0.3,0.003
20160920,18,10,0.029,0.017,0.3,0.003
20160921,33,22,0.024,0.026,0.4,0.004
20160922,40,26,0.026,0.03,0.4,0.004
20160923,51,33,0.031,0.037,0.5,0.004
20160924,61,41,0.041,0.038,0.6,0.005
20160925,53,36,0.032,0.035,0.5,0.005
20160926,45,29,0.018,0.04,0.5,0.004
20160927,35,23,0.008,0.037,0.5,0.004
20160928,35,21,0.01,0.03,0.5,0.004
20160929,14,6,0.015,0.017,0.4,0.004
20160930,30,14,0.012,0.03,0.4,0.004
20161001,45,26,0.012,0.037,0.6,0.004
20161002,29,17,0.011,0.026,0.5,0.004
20161003,17,9,0.021,0.019,0.4,0.004
20161004,30,15,0.02,0.025,0.4,0.004
20161005,26,13,0.026,0.02,0.4,0.004
20161006,38,18,0.024,0.023,0.5,0.004
20161007,26,12,0.018,0.024,0.4,0.004
20161008,21,10,0.028,0.016,0.4,0.004
20161009,18,9,0.027,0.012,0.3,0.004
20161010,27,11,0.018,0.028,0.4,0.004
20161011,44,22,0.013,0.042,0.6,0.005
20161012,55,29,0.022,0.027,0.5,0.004
20161013,42,20,0.014,0.038,0.5,0.005
20161014,72,41,0.012,0.048,0.7,0.005
20161015,78,49,0.016,0.047,0.8,0.005
20161016,54,36,0.012,0.035,0.6,0.004
20161017,51,32,0.017,0.032,0.6,0.004
20161018,55,29,0.012,0.039,0.7,0.004
20161019,64,36,0.021,0.05,0.7,0.005
20161020,64,37,0.023,0.041,0.7,0.004
20161021,24,12,0.023,0.023,0.4,0.004
20161022,29,15,0.022,0.024,0.4,0.004
20161023,11,6,0.025,0.014,0.3,0.003
20161024,17,7,0.018,0.024,0.3,0.003
20161025,16,9,0.013,0.027,0.5,0.003
20161026,41,21,0.007,0.034,0.8,0.004
20161027,44,22,0.009,0.032,0.6,0.004
20161028,37,17,0.018,0.026,0.5,0.004
20161029,35,16,0.023,0.019,0.3,0.004
20161030,26,12,0.015,0.028,0.4,0.004
20161031,29,15,0.009,0.034,0.5,0.005
20161101,23,10,0.021,0.02,0.3,0.004
20161102,35,16,0.01,0.038,0.5,0.004
20161103,41,23,0.012,0.043,0.6,0.005
20161104,60,33,0.025,0.038,0.6,0.006
20161105,75,44,0.036,0.033,0.6,0.005
20161106,32,19,0.023,0.023,0.4,0.004
20161107,34,23,0.019,0.027,0.4,0.004
20161108,64,49,0.025,0.019,0.5,0.004
20161109,41,27,0.015,0.031,0.5,0.004
20161110,41,26,0.004,0.044,0.6,0.004
20161111,50,22,0.014,0.035,0.6,0.004
20161112,75,31,0.016,0.042,0.7,0.005
20161113,62,30,0.014,0.04,0.6,0.005
20161114,53,29,0.007,0.044,0.7,0.004
20161115,58,20,0.02,0.023,0.4,0.004
20161116,54,27,0.006,0.044,0.6,0.005
20161117,74,39,0.006,0.051,0.9,0.005
20161118,94,54,0.005,0.056,1,0.006
20161119,56,34,0.01,0.041,0.6,0.005
20161120,44,24,0.019,0.024,0.6,0.004
20161121,62,29,0.008,0.042,0.7,0.004
20161122,43,18,0.02,0.019,0.4,0.004
20161123,38,15,0.016,0.022,0.4,0.004
20161124,27,13,0.019,0.023,0.4,0.005
20161125,39,21,0.008,0.042,0.7,0.005
20161126,54,36,0.003,0.046,0.8,0.005
20161127,71,48,0.004,0.04,0.8,0.005
20161128,81,39,0.015,0.027,0.6,0.005
20161129,40,23,0.007,0.042,0.7,0.005
20161130,46,27,0.003,0.048,0.7,0.006
20161201,50,26,0.02,0.022,0.5,0.005
20161202,37,17,0.01,0.036,0.6,0.005
20161203,54,30,0.006,0.051,0.8,0.006
20161204,81,53,0.003,0.058,1,0.006
20161205,85,56,0.014,0.036,0.8,0.006
20161206,26,12,0.015,0.026,0.4,0.005
20161207,51,27,0.005,0.046,0.7,0.006
20161208,56,34,0.005,0.045,0.8,0.005
20161209,34,23,0.016,0.026,0.5,0.005
20161210,34,21,0.014,0.029,0.5,0.004
20161211,35,22,0.01,0.036,0.7,0.005
20161212,46,29,0.003,0.047,0.8,0.005
20161213,62,40,0.008,0.043,0.9,0.006
20161214,53,30,0.008,0.03,0.6,0.005
20161215,35,17,0.017,0.021,0.4,0.005
20161216,33,17,0.013,0.03,0.5,0.005
20161217,57,35,0.005,0.05,0.9,0.006
20161218,49,33,0.006,0.045,0.8,0.005
20161219,38,24,0.006,0.041,0.7,0.005
20161220,53,34,0.005,0.047,0.9,0.005
20161221,40,25,0.006,0.038,0.7,0.005
20161222,30,21,0.011,0.025,0.6,0.004
20161223,52,36,0.016,0.018,0.5,0.004
20161224,67,51,0.01,0.028,0.7,0.005
20161225,56,42,0.005,0.035,0.9,0.004
20161226,50,33,0.005,0.04,0.9,0.005
20161227,41,27,0.019,0.019,0.5,0.005
20161228,44,25,0.009,0.036,0.6,0.005
20161229,35,16,0.014,0.026,0.5,0.005
20161230,42,24,0.006,0.042,0.7,0.005
20161231,58,40,0.003,0.051,1,0.006
20170101,77,57,0.004,0.046,1,0.005
20170102,110,79,0.016,0.04,0.9,0.006
20170103,79,52,0.013,0.043,0.8,0.006
20170104,55,35,0.009,0.051,0.9,0.006
20170105,36,22,0.011,0.036,0.7,0.005
20170106,20,13,0.013,0.035,0.5,0.004
20170107,54,37,0.005,0.049,0.9,0.005
20170108,31,22,0.015,0.032,0.6,0.004
20170109,59,46,0.027,0.021,0.6,0.005
20170110,31,16,0.023,0.02,0.4,0.005
20170111,24,12,0.015,0.029,0.5,0.005
20170112,30,16,0.017,0.028,0.5,0.005
20170113,30,13,0.022,0.019,0.4,0.004
20170114,44,12,0.024,0.013,0.4,0.004
20170115,27,14,0.016,0.022,0.5,0.004
20170116,47,26,0.006,0.042,0.8,0.005
20170117,68,45,0.003,0.06,1.1,0.007
20170118,99,73,0.005,0.053,1.1,0.007
20170119,102,72,0.007,0.052,1,0.006
20170120,57,40,0.019,0.03,0.6,0.005
20170121,48,34,0.008,0.042,0.7,0.005
20170122,75,27,0.028,0.015,0.5,0.006
20170123,47,35,0.021,0.025,0.5,0.005
20170124,39,28,0.013,0.039,0.6,0.005
20170125,49,36,0.008,0.05,0.8,0.005
20170126,64,48,0.009,0.055,1,0.006
20170127,107,20,0.026,0.016,0.4,0.004
20170128,32,12,0.011,0.033,0.6,0.004
20170129,27,16,0.006,0.037,0.7,0.004
20170130,48,34,0.027,0.016,0.5,0.005
20170131,29,18,0.011,0.036,0.6,0.004
20170201,35,21,0.018,0.031,0.6,0.005
20170202,32,17,0.017,0.033,0.6,0.005
20170203,68,45,0.017,0.046,0.8,0.006
20170204,96,70,0.004,0.061,1.1,0.005
20170205,70,55,0.015,0.037,0.8,0.005
20170206,40,27,0.028,0.021,0.5,0.005
20170207,40,23,0.008,0.041,0.6,0.005
20170208,53,30,0.009,0.042,0.7,0.006
20170209,50,18,0.026,0.017,0.4,0.005
20170210,32,17,0.027,0.015,0.4,0.004
20170211,29,16,0.024,0.019,0.4,0.004
20170212,31,18,0.019,0.029,0.6,0.005
20170213,43,28,0.008,0.049,0.8,0.006
20170214,51,32,0.019,0.038,0.6,0.005
20170215,60,41,0.008,0.059,0.9,0.008
20170216,69,46,0.012,0.056,1,0.007
20170217,46,17,0.029,0.018,0.4,0.004
20170218,31,17,0.027,0.022,0.5,0.005
20170219,43,26,0.019,0.034,0.6,0.005
20170220,43,22,0.03,0.017,0.4,0.004
20170221,46,29,0.013,0.043,0.7,0.005
20170222,40,28,0.008,0.043,0.7,0.004
20170223,34,21,0.033,0.017,0.4,0.005
20170224,28,17,0.023,0.03,0.5,0.005
20170225,46,30,0.019,0.037,0.7,0.006
20170226,47,32,0.023,0.03,0.6,0.005
20170227,38,24,0.014,0.042,0.7,0.005
20170228,42,26,0.015,0.049,0.7,0.006
20170301,57,41,0.02,0.044,0.6,0.006
20170302,33,22,0.03,0.021,0.4,0.004
20170303,43,22,0.019,0.038,0.6,0.005
20170304,51,32,0.013,0.048,0.7,0.005
20170305,67,48,0.024,0.038,0.7,0.005
20170306,36,25,0.032,0.017,0.4,0.004
20170307,33,20,0.034,0.016,0.4,0.004
20170308,43,20,0.029,0.023,0.5,0.004
20170309,46,21,0.027,0.028,0.5,0.005
20170310,44,26,0.022,0.038,0.5,0.005
20170311,62,40,0.017,0.055,0.7,0.007
20170312,89,64,0.025,0.051,0.8,0.007
20170313,61,42,0.033,0.024,0.5,0.004
20170314,49,29,0.031,0.024,0.5,0.004
20170315,41,24,0.022,0.035,0.5,0.004
20170316,63,43,0.021,0.05,0.6,0.005
20170317,74,54,0.021,0.053,0.7,0.005
20170318,72,50,0.026,0.054,0.7,0.007
20170319,74,54,0.026,0.044,0.7,0.005
20170320,97,68,0.009,0.064,0.8,0.006
20170321,99,67,0.029,0.032,0.6,0.006
20170322,51,31,0.028,0.034,0.5,0.005
20170323,72,42,0.026,0.044,0.6,0.006
20170324,58,35,0.02,0.044,0.6,0.005
20170325,64,42,0.023,0.042,0.6,0.006
20170326,60,43,0.031,0.031,0.5,0.006
20170327,73,54,0.033,0.031,0.8,0.005
20170328,81,57,0.02,0.044,0.7,0.005
20170329,55,39,0.034,0.034,0.6,0.005
20170330,66,42,0.025,0.045,0.6,0.005
20170331,49,33,0.02,0.038,0.6,0.004
20170401,23,16,0.03,0.026,0.4,0.004
20170402,46,33,0.034,0.03,0.5,0.004
20170403,77,53,0.033,0.045,0.6,0.006
20170404,73,46,0.033,0.051,0.7,0.006
20170405,48,30,0.02,0.049,0.6,0.005
20170406,26,18,0.024,0.028,0.4,0.004
20170407,42,28,0.02,0.039,0.5,0.004
20170408,62,41,0.021,0.04,0.6,0.005
20170409,40,26,0.031,0.021,0.5,0.004
20170410,27,16,0.034,0.027,0.4,0.004
20170411,56,23,0.035,0.028,0.4,0.004
20170412,64,12,0.039,0.018,0.3,0.004
20170413,69,26,0.036,0.03,0.5,0.006
20170414,56,22,0.046,0.027,0.5,0.005
20170415,66,31,0.045,0.03,0.5,0.006
20170416,60,31,0.032,0.039,0.6,0.006
20170417,47,25,0.023,0.041,0.6,0.005
20170418,41,21,0.026,0.03,0.5,0.004
20170419,84,17,0.032,0.022,0.4,0.004
20170420,83,22,0.029,0.035,0.4,0.005
20170421,68,24,0.029,0.038,0.5,0.005
20170422,62,25,0.031,0.033,0.5,0.004
20170423,49,23,0.044,0.027,0.5,0.005
20170424,42,19,0.041,0.031,0.4,0.005
20170425,59,30,0.043,0.031,0.5,0.005
20170426,44,16,0.04,0.018,0.4,0.004
20170427,45,14,0.038,0.022,0.4,0.005
20170428,64,24,0.037,0.029,0.6,0.007
20170429,63,27,0.039,0.031,0.6,0.006
20170430,91,49,0.071,0.022,0.6,0.008
20170501,92,48,0.057,0.029,0.6,0.005
20170502,99,48,0.043,0.043,0.6,0.006
20170503,70,32,0.055,0.038,0.5,0.005
20170504,64,31,0.036,0.037,0.5,0.005
20170505,56,24,0.038,0.019,0.4,0.005
20170506,194,20,0.041,0.016,0.3,0.004
20170507,92,16,0.043,0.019,0.4,0.005
20170508,173,36,0.044,0.035,0.5,0.007
20170509,125,31,0.023,0.037,0.5,0.006
20170510,43,20,0.032,0.022,0.4,0.004
20170511,71,33,0.033,0.035,0.5,0.006
20170512,74,42,0.036,0.037,0.6,0.006
20170513,50,26,0.041,0.023,0.4,0.004
20170514,59,14,0.043,0.015,0.3,0.004
20170515,44,11,0.033,0.022,0.3,0.004
20170516,35,15,0.032,0.028,0.4,0.005
20170517,39,18,0.033,0.034,0.4,0.006
20170518,48,26,0.045,0.035,0.5,0.006
20170519,47,25,0.045,0.031,0.4,0.006
20170520,38,21,0.039,0.032,0.4,0.006
20170521,32,19,0.039,0.022,0.4,0.005
20170522,43,26,0.032,0.027,0.4,0.005
20170523,35,22,0.018,0.029,0.4,0.005
20170524,26,15,0.026,0.025,0.4,0.004
20170525,38,14,0.038,0.025,0.4,0.005
20170526,24,8,0.036,0.019,0.3,0.004
20170527,33,14,0.039,0.028,0.4,0.005
20170528,45,22,0.051,0.023,0.4,0.005
20170529,69,36,0.06,0.025,0.5,0.007
20170530,49,23,0.041,0.032,0.4,0.006
20170531,38,20,0.029,0.035,0.4,0.005
20170601,38,18,0.037,0.016,0.3,0.004
20170602,29,10,0.039,0.016,0.3,0.004
20170603,31,11,0.038,0.016,0.4,0.004
20170604,29,11,0.043,0.018,0.3,0.004
20170605,26,13,0.047,0.026,0.4,0.004
20170606,21,10,0.04,0.019,0.3,0.004
20170607,16,10,0.026,0.021,0.4,0.003
20170608,44,28,0.054,0.022,0.6,0.004
20170609,60,38,0.056,0.023,0.6,0.005
20170610,49,23,0.044,0.021,0.4,0.004
20170611,29,9,0.036,0.021,0.3,0.004
20170612,31,12,0.046,0.019,0.3,0.004
20170613,36,17,0.032,0.02,0.3,0.004
20170614,44,21,0.038,0.022,0.4,0.004
20170615,52,26,0.044,0.024,0.4,0.005
20170616,68,38,0.06,0.027,0.5,0.006
20170617,52,30,0.062,0.024,0.5,0.007
20170618,45,26,0.047,0.024,0.4,0.005
20170619,53,32,0.036,0.034,0.5,0.005
20170620,53,30,0.043,0.036,0.5,0.005
20170621,58,34,0.039,0.025,0.4,0.005
20170622,38,23,0.038,0.021,0.4,0.004
20170623,44,23,0.038,0.032,0.4,0.004
20170624,42,23,0.02,0.043,0.5,0.006
20170625,36,22,0.036,0.025,0.5,0.004
20170626,27,17,0.034,0.024,0.4,0.004
20170627,30,19,0.039,0.024,0.4,0.004
20170628,48,32,0.042,0.026,0.5,0.005
20170629,51,35,0.04,0.027,0.5,0.005
20170630,54,37,0.041,0.024,0.5,0.004
20170701,43,30,0.034,0.023,0.5,0.004
20170702,26,17,0.019,0.016,0.3,0.004
20170703,23,15,0.028,0.017,0.3,0.004
20170704,34,24,0.034,0.021,0.4,0.004
20170705,40,28,0.044,0.024,0.4,0.004
20170706,48,34,0.045,0.03,0.5,0.005
20170707,22,13,0.015,0.024,0.4,0.004
20170708,26,17,0.021,0.018,0.4,0.004
20170709,26,18,0.023,0.021,0.4,0.004
20170710,14,9,0.015,0.022,0.3,0.004
20170711,39,26,0.035,0.022,0.4,0.004
20170712,47,32,0.041,0.021,0.4,0.004
20170713,50,35,0.04,0.028,0.5,0.004
20170714,48,34,0.036,0.027,0.5,0.005
20170715,20,14,0.022,0.02,0.4,0.004
20170716,17,12,0.019,0.018,0.3,0.004
20170717,23,14,0.018,0.021,0.3,0.004
20170718,26,17,0.026,0.026,0.4,0.004
20170719,38,26,0.041,0.025,0.4,0.004
20170720,52,38,0.041,0.028,0.5,0.005
20170721,59,45,0.056,0.023,0.5,0.005
20170722,57,42,0.041,0.022,0.5,0.005
20170723,49,35,0.034,0.018,0.5,0.004
20170724,34,22,0.016,0.031,0.6,0.004
20170725,27,15,0.024,0.021,0.5,0.004
20170726,18,10,0.039,0.018,0.3,0.004
20170727,28,17,0.027,0.031,0.4,0.004
20170728,30,19,0.012,0.03,0.5,0.004
20170729,16,8,0.025,0.017,0.4,0.004
20170730,22,15,0.039,0.014,0.4,0.004
20170731,22,13,0.011,0.03,0.5,0.004
20170801,22,12,0.024,0.026,0.4,0.004
20170802,36,23,0.038,0.03,0.5,0.004
20170803,24,14,0.035,0.022,0.4,0.004
20170804,27,18,0.044,0.02,0.4,0.004
20170805,31,21,0.04,0.023,0.4,0.004
20170806,25,18,0.031,0.019,0.4,0.004
20170807,33,22,0.045,0.017,0.4,0.004
20170808,42,28,0.049,0.023,0.5,0.005
20170809,33,23,0.035,0.022,0.5,0.004
20170810,8,5,0.023,0.018,0.4,0.003
20170811,11,6,0.022,0.019,0.3,0.004
20170812,11,6,0.022,0.016,0.3,0.004
20170813,10,6,0.02,0.012,0.3,0.004
20170814,9,4,0.011,0.013,0.3,0.004
20170815,7,4,0.01,0.013,0.3,0.003
20170816,7,4,0.012,0.014,0.3,0.004
20170817,12,6,0.012,0.022,0.4,0.003
20170818,26,17,0.019,0.031,0.5,0.005
20170819,25,15,0.023,0.025,0.5,0.003
20170820,11,7,0.021,0.015,0.4,0.003
20170821,14,8,0.017,0.019,0.3,0.004
20170822,17,10,0.022,0.023,0.4,0.005
20170823,20,10,0.008,0.02,0.4,0.004
20170824,21,9,0.016,0.016,0.4,0.004
20170825,26,13,0.025,0.028,0.5,0.005
20170826,25,11,0.029,0.022,0.4,0.004
20170827,23,13,0.018,0.026,0.4,0.004
20170828,29,17,0.016,0.032,0.5,0.004
20170829,18,8,0.026,0.013,0.3,0.004
20170830,25,10,0.016,0.028,0.4,0.005
20170831,35,20,0.027,0.029,0.5,0.004
20170901,23,12,0.026,0.021,0.4,0.004
20170902,26,15,0.028,0.024,0.4,0.004
20170903,31,20,0.04,0.022,0.5,0.004
20170904,27,18,0.029,0.03,0.4,0.004
20170905,24,13,0.01,0.035,0.5,0.004
20170906,27,17,0.011,0.037,0.5,0.004
20170907,35,25,0.029,0.027,0.5,0.004
20170908,49,33,0.03,0.031,0.7,0.005
20170909,58,40,0.033,0.032,0.7,0.005
20170910,50,36,0.024,0.03,0.7,0.004
20170911,22,16,0.027,0.022,0.5,0.003
20170912,25,13,0.023,0.025,0.4,0.004
20170913,23,10,0.024,0.027,0.4,0.004
20170914,27,12,0.023,0.029,0.4,0.004
20170915,15,8,0.028,0.016,0.3,0.003
20170916,10,5,0.026,0.013,0.3,0.003
20170917,9,5,0.026,0.011,0.3,0.003
20170918,19,10,0.026,0.022,0.4,0.004
20170919,62,40,0.046,0.024,0.6,0.005
20170920,24,10,0.027,0.02,0.4,0.004
20170921,28,15,0.025,0.036,0.5,0.004
20170922,31,19,0.034,0.035,0.5,0.005
20170923,52,25,0.031,0.03,0.5,0.005
20170924,62,37,0.039,0.022,0.6,0.004
20170925,44,26,0.027,0.035,0.6,0.004
20170926,45,26,0.032,0.034,0.5,0.004
20170927,40,23,0.022,0.031,0.5,0.004
20170928,23,8,0.028,0.017,0.4,0.004
20170929,21,9,0.024,0.025,0.4,0.005
20170930,34,18,0.026,0.032,0.5,0.005
20171001,32,20,0.018,0.028,0.5,0.004
20171002,19,10,0.029,0.016,0.4,0.004
20171003,35,11,0.026,0.013,0.3,0.004
20171004,21,9,0.025,0.013,0.3,0.004
20171005,14,7,0.024,0.015,0.3,0.004
20171006,11,7,0.024,0.013,0.3,0.004
20171007,9,6,0.021,0.019,0.4,0.003
20171008,18,13,0.024,0.023,0.5,0.005
20171009,25,17,0.026,0.026,0.5,0.006
20171010,28,18,0.013,0.03,0.5,0.004
20171011,11,7,0.02,0.015,0.4,0.003
20171012,21,11,0.011,0.023,0.4,0.004
20171013,27,15,0.017,0.026,0.4,0.004
20171014,22,12,0.022,0.025,0.5,0.004
20171015,21,11,0.023,0.023,0.5,0.004
20171016,30,16,0.018,0.029,0.5,0.004
20171017,38,20,0.018,0.036,0.5,0.004
20171018,24,13,0.019,0.028,0.4,0.004
20171019,18,10,0.02,0.027,0.4,0.004
20171020,31,16,0.016,0.036,0.5,0.004
20171021,38,21,0.017,0.036,0.6,0.004
20171022,25,13,0.027,0.019,0.4,0.004
20171023,24,10,0.025,0.025,0.4,0.004
20171024,31,15,0.015,0.035,0.5,0.004
20171025,41,22,0.017,0.039,0.6,0.004
20171026,51,28,0.012,0.047,0.7,0.005
20171027,58,34,0.018,0.048,0.8,0.005
20171028,45,27,0.02,0.043,0.7,0.004
20171029,65,22,0.025,0.022,0.5,0.004
20171030,35,13,0.022,0.022,0.4,0.004
20171031,33,14,0.012,0.038,0.6,0.005
20171101,38,20,0.02,0.036,0.5,0.005
20171102,46,26,0.023,0.035,0.5,0.005
20171103,38,26,0.028,0.022,0.5,0.005
20171104,53,40,0.022,0.022,0.5,0.004
20171105,39,27,0.013,0.035,0.6,0.004
20171106,33,20,0.01,0.043,0.6,0.005
20171107,42,25,0.006,0.05,0.7,0.005
20171108,65,29,0.03,0.023,0.5,0.005
20171109,50,24,0.01,0.043,0.6,0.005
20171110,44,21,0.014,0.035,0.6,0.005
20171111,70,13,0.018,0.02,0.4,0.004
20171112,31,18,0.01,0.034,0.6,0.004
20171113,41,24,0.006,0.042,0.7,0.005
20171114,45,17,0.018,0.023,0.5,0.005
20171115,25,11,0.02,0.02,0.4,0.004
20171116,25,14,0.014,0.028,0.5,0.005
20171117,42,24,0.004,0.044,0.7,0.005
20171118,39,22,0.023,0.013,0.4,0.004
20171119,24,12,0.02,0.018,0.5,0.004
20171120,38,22,0.009,0.036,0.6,0.005
20171121,50,31,0.005,0.047,0.8,0.005
20171122,62,30,0.011,0.038,0.7,0.005
20171123,23,11,0.014,0.025,0.5,0.005
20171124,20,12,0.011,0.026,0.5,0.004
20171125,25,16,0.005,0.041,0.7,0.004
20171126,37,23,0.011,0.031,0.7,0.004
20171127,48,29,0.005,0.046,0.8,0.005
20171128,71,46,0.004,0.059,1,0.007
20171129,61,25,0.013,0.029,0.5,0.005
20171130,24,9,0.023,0.019,0.4,0.004
20171201,24,13,0.013,0.033,0.5,0.005
20171202,39,24,0.006,0.042,0.7,0.005
20171203,51,35,0.005,0.04,0.7,0.005
20171204,43,26,0.019,0.021,0.5,0.005
20171205,22,11,0.018,0.022,0.4,0.005
20171206,32,22,0.006,0.037,0.6,0.004
20171207,45,32,0.011,0.032,0.7,0.005
20171208,31,21,0.015,0.024,0.5,0.005
20171209,39,24,0.004,0.046,0.7,0.005
20171210,38,25,0.012,0.03,0.6,0.005
20171211,47,10,0.018,0.013,0.3,0.004
20171212,33,17,0.015,0.019,0.4,0.005
20171213,36,20,0.012,0.028,0.5,0.005
20171214,55,36,0.004,0.045,0.8,0.005
20171215,83,58,0.002,0.063,1.2,0.006
20171216,41,27,0.018,0.019,0.5,0.005
20171217,39,14,0.019,0.021,0.5,0.005
20171218,55,35,0.005,0.044,0.8,0.005
20171219,46,20,0.014,0.023,0.5,0.005
20171220,42,26,0.004,0.042,0.7,0.005
20171221,52,39,0.004,0.048,0.8,0.005
20171222,58,43,0.004,0.054,0.9,0.006
20171223,111,80,0.008,0.052,1,0.007
20171224,78,58,0.014,0.036,0.8,0.005
20171225,30,16,0.021,0.02,0.4,0.005
20171226,29,14,0.016,0.024,0.4,0.005
20171227,28,14,0.014,0.025,0.5,0.005
20171228,46,28,0.005,0.043,0.7,0.005
20171229,97,67,0.007,0.052,0.9,0.007
20171230,128,95,0.005,0.052,1,0.006
20171231,63,36,0.02,0.021,0.6,0.005
20180101,42,21,0.011,0.033,0.6,0.006
20180102,40,23,0.011,0.036,0.8,0.005
20180103,35,19,0.016,0.023,0.5,0.005
20180104,46,25,0.01,0.035,0.6,0.005
20180105,58,37,0.008,0.042,0.7,0.006
20180106,48,32,0.012,0.038,0.7,0.006
20180107,55,40,0.004,0.049,0.9,0.005
20180108,57,41,0.008,0.045,0.8,0.006
20180109,40,20,0.021,0.02,0.4,0.005
20180110,33,14,0.021,0.017,0.4,0.004
20180111,33,23,0.019,0.017,0.4,0.005
20180112,25,16,0.015,0.03,0.5,0.005
20180113,54,40,0.003,0.05,0.8,0.005
20180114,69,52,0.01,0.041,0.7,0.006
20180115,70,50,0.012,0.049,0.8,0.006
20180116,114,85,0.004,0.069,1.2,0.007
20180117,112,88,0.007,0.056,0.9,0.006
20180118,87,59,0.014,0.039,0.7,0.006
20180119,59,29,0.016,0.038,0.6,0.006
20180120,102,63,0.013,0.047,0.9,0.007
20180121,61,35,0.012,0.039,0.7,0.005
20180122,48,28,0.009,0.044,0.7,0.005
20180123,24,12,0.026,0.014,0.3,0.004
20180124,30,10,0.025,0.015,0.4,0.005
20180125,24,12,0.024,0.017,0.4,0.005
20180126,33,20,0.022,0.02,0.5,0.005
20180127,44,27,0.009,0.041,0.7,0.005
20180128,32,20,0.022,0.025,0.5,0.005
20180129,45,17,0.022,0.02,0.5,0.006
20180130,42,21,0.009,0.042,0.6,0.006
20180131,40,20,0.01,0.038,0.6,0.005
20180201,39,23,0.011,0.039,0.7,0.005
20180202,55,33,0.008,0.05,0.8,0.006
20180203,37,20,0.023,0.018,0.5,0.005
20180204,32,22,0.026,0.014,0.4,0.005
20180205,27,15,0.023,0.018,0.4,0.005
20180206,32,19,0.024,0.017,0.4,0.005
20180207,40,25,0.012,0.037,0.6,0.005
20180208,52,35,0.006,0.056,0.9,0.006
20180209,69,49,0.006,0.063,1,0.007
20180210,75,42,0.02,0.032,0.6,0.006
20180211,53,15,0.026,0.017,0.4,0.005
20180212,49,15,0.023,0.022,0.4,0.005
20180213,50,16,0.017,0.033,0.6,0.006
20180214,68,31,0.025,0.031,0.6,0.006
20180215,38,15,0.027,0.019,0.5,0.005
20180216,45,22,0.021,0.028,0.6,0.005
20180217,50,12,0.027,0.014,0.4,0.005
20180218,37,17,0.019,0.028,0.5,0.006
20180219,61,39,0.011,0.047,0.8,0.006
20180220,63,40,0.02,0.034,0.7,0.005
20180221,37,19,0.025,0.024,0.5,0.005
20180222,45,27,0.021,0.035,0.6,0.006
20180223,89,64,0.021,0.035,0.8,0.005
20180224,76,53,0.023,0.029,0.7,0.004
20180225,44,30,0.018,0.035,0.6,0.005
20180226,62,41,0.01,0.057,0.8,0.007
20180227,96,62,0.004,0.077,1.1,0.009
20180228,68,44,0.014,0.043,0.7,0.005
20180301,42,31,0.035,0.018,0.5,0.004
20180302,68,27,0.019,0.04,0.6,0.005
20180303,57,27,0.015,0.048,0.6,0.006
20180304,29,21,0.014,0.036,0.6,0.005
20180305,9,5,0.032,0.018,0.4,0.004
20180306,31,18,0.019,0.033,0.5,0.004
20180307,28,16,0.025,0.026,0.4,0.004
20180308,32,26,0.025,0.022,0.5,0.003
20180309,51,37,0.016,0.039,0.7,0.004
20180310,46,33,0.021,0.036,0.6,0.006
20180311,60,40,0.03,0.029,0.5,0.005
20180312,99,64,0.019,0.054,0.8,0.006
20180313,63,38,0.022,0.045,0.7,0.005
20180314,24,12,0.026,0.026,0.4,0.005
20180315,22,15,0.014,0.029,0.4,0.004
20180316,14,6,0.032,0.018,0.3,0.003
20180317,32,20,0.021,0.032,0.5,0.004
20180318,62,46,0.016,0.045,0.6,0.005
20180319,30,22,0.028,0.023,0.4,0.003
20180320,19,8,0.038,0.013,0.3,0.003
20180321,14,7,0.03,0.02,0.3,0.003
20180322,43,27,0.026,0.031,0.5,0.004
20180323,67,50,0.028,0.042,0.6,0.006
20180324,113,86,0.032,0.045,0.8,0.007
20180325,121,99,0.038,0.035,0.8,0.005
20180326,106,71,0.025,0.05,0.8,0.006
20180327,95,61,0.031,0.048,0.8,0.007
20180328,55,37,0.032,0.031,0.6,0.006
20180329,63,43,0.025,0.035,0.5,0.005
20180330,65,37,0.028,0.035,0.5,0.004
20180331,58,30,0.032,0.033,0.5,0.005
20180401,72,35,0.028,0.028,0.5,0.005
20180402,71,28,0.028,0.027,0.4,0.005
20180403,69,21,0.021,0.026,0.4,0.005
20180404,13,7,0.027,0.018,0.4,0.003
20180405,7,4,0.021,0.022,0.4,0.003
20180406,121,27,0.028,0.019,0.4,0.003
20180407,50,22,0.037,0.013,0.4,0.003
20180408,27,15,0.031,0.021,0.4,0.004
20180409,40,26,0.014,0.042,0.6,0.004
20180410,45,20,0.028,0.03,0.5,0.004
20180411,63,24,0.033,0.024,0.4,0.004
20180412,46,15,0.028,0.03,0.4,0.005
20180413,35,14,0.026,0.034,0.5,0.004
20180414,21,12,0.034,0.019,0.4,0.003
20180415,74,21,0.032,0.018,0.5,0.004
20180416,38,23,0.028,0.03,0.5,0.004
20180417,60,30,0.028,0.042,0.6,0.004
20180418,71,34,0.031,0.043,0.5,0.005
20180419,81,40,0.038,0.046,0.6,0.006
20180420,104,55,0.036,0.06,0.7,0.007
20180421,72,40,0.027,0.051,0.6,0.006
20180422,38,21,0.027,0.028,0.4,0.004
20180423,9,6,0.04,0.016,0.3,0.003
20180424,9,5,0.035,0.018,0.3,0.003
20180425,35,24,0.025,0.037,0.5,0.004
20180426,44,30,0.031,0.038,0.6,0.004
20180427,57,40,0.035,0.04,0.5,0.006
20180428,59,38,0.034,0.036,0.5,0.005
20180429,55,32,0.049,0.031,0.6,0.005
20180430,79,56,0.044,0.032,0.6,0.006
20180501,60,46,0.035,0.024,0.5,0.004
20180502,44,35,0.022,0.026,0.5,0.003
20180503,30,14,0.035,0.019,0.4,0.003
20180504,44,17,0.044,0.022,0.4,0.004
20180505,40,19,0.056,0.02,0.4,0.005
20180506,14,9,0.04,0.015,0.4,0.003
20180507,37,19,0.027,0.029,0.5,0.004
20180508,18,7,0.042,0.013,0.3,0.003
20180509,22,8,0.038,0.019,0.4,0.003
20180510,42,24,0.036,0.028,0.5,0.004
20180511,59,39,0.041,0.032,0.5,0.004
20180512,30,20,0.019,0.039,0.5,0.004
20180513,23,17,0.028,0.02,0.4,0.003
20180514,73,55,0.033,0.033,0.7,0.004
20180515,73,52,0.033,0.042,0.7,0.005
20180516,33,23,0.009,0.026,0.4,0.003
20180517,14,9,0.01,0.027,0.4,0.003
20180518,12,5,0.014,0.019,0.4,0.003
20180519,11,4,0.033,0.014,0.3,0.003
20180520,11,5,0.035,0.015,0.3,0.003
20180521,19,10,0.035,0.022,0.3,0.003
20180522,36,23,0.026,0.028,0.5,0.004
20180523,48,11,0.039,0.017,0.4,0.003
20180524,97,25,0.042,0.028,0.5,0.005
20180525,93,34,0.045,0.035,0.5,0.005
20180526,81,38,0.054,0.039,0.6,0.004
20180527,65,28,0.046,0.027,0.5,0.005
20180528,50,26,0.042,0.032,0.5,0.005
20180529,41,26,0.035,0.024,0.4,0.005
20180530,43,26,0.03,0.023,0.4,0.004
20180531,42,24,0.035,0.025,0.4,0.004
20180601,42,23,0.036,0.036,0.5,0.004
20180602,40,23,0.037,0.034,0.5,0.006
20180603,32,21,0.04,0.028,0.4,0.004
20180604,41,26,0.029,0.033,0.5,0.005
20180605,44,31,0.041,0.024,0.4,0.005
20180606,48,35,0.034,0.024,0.4,0.005
20180607,47,33,0.027,0.03,0.4,0.004
20180608,35,23,0.033,0.018,0.4,0.003
20180609,39,25,0.037,0.02,0.4,0.003
20180610,9,5,0.034,0.01,0.3,0.003
20180611,10,5,0.023,0.016,0.3,0.003
20180612,15,8,0.024,0.017,0.3,0.003
20180613,29,19,0.032,0.023,0.4,0.004
20180614,30,21,0.028,0.021,0.4,0.004
20180615,15,7,0.03,0.013,0.3,0.003
20180616,22,12,0.037,0.017,0.3,0.003
20180617,52,35,0.039,0.024,0.5,0.004
20180618,45,30,0.038,0.03,0.5,0.004
20180619,40,28,0.029,0.031,0.5,0.006
20180620,43,30,0.037,0.017,0.4,0.004
20180621,39,25,0.041,0.019,0.4,0.004
20180622,42,27,0.04,0.031,0.5,0.004
20180623,39,24,0.043,0.026,0.5,0.006
20180624,58,38,0.056,0.016,0.5,0.005
20180625,59,37,0.052,0.034,0.5,0.005
20180626,49,35,0.034,0.025,0.5,0.005
20180627,27,20,0.037,0.021,0.5,0.004
20180628,22,15,0.022,0.026,0.5,0.004
20180629,38,27,0.038,0.026,0.5,0.004
20180630,50,35,0.023,0.03,0.6,0.004
20180701,11,6,0.017,0.018,0.4,0.003
20180702,10,6,0.021,0.024,0.4,0.003
20180703,13,8,0.014,0.017,0.4,0.003
20180704,22,13,0.021,0.02,0.4,0.004
20180705,20,14,0.019,0.017,0.4,0.004
20180706,7,3,0.02,0.01,0.3,0.003
20180707,9,4,0.027,0.011,0.3,0.003
20180708,12,6,0.031,0.011,0.3,0.003
20180709,10,5,0.01,0.015,0.3,0.003
20180710,23,12,0.006,0.024,0.5,0.003
20180711,31,18,0.008,0.019,0.4,0.004
20180712,27,15,0.008,0.016,0.4,0.004
20180713,21,13,0.013,0.017,0.3,0.005
20180714,20,13,0.016,0.016,0.3,0.005
20180715,22,16,0.024,0.014,0.3,0.005
20180716,26,17,0.021,0.02,0.3,0.006
20180717,30,22,0.016,0.019,0.3,0.006
20180718,35,26,0.02,0.021,0.4,0.005
20180719,30,21,0.023,0.019,0.3,0.004
20180720,36,24,0.033,0.026,0.4,0.005
20180721,37,26,0.041,0.027,0.4,0.006
20180722,29,20,0.04,0.019,0.4,0.004
20180723,31,20,0.034,0.02,0.4,0.006
20180724,42,28,0.052,0.025,0.4,0.005
20180725,32,21,0.027,0.017,0.4,0.005
20180726,41,27,0.028,0.022,0.4,0.005
20180727,48,33,0.033,0.022,0.4,0.004
20180728,39,27,0.021,0.028,0.4,0.004
20180729,18,12,0.025,0.012,0.3,0.003
20180730,10,6,0.026,0.013,0.3,0.003
20180731,18,10,0.04,0.016,0.3,0.003
20180801,34,20,0.047,0.022,0.4,0.003
20180802,40,27,0.058,0.023,0.5,0.004
20180803,44,32,0.055,0.022,0.5,0.004
20180804,27,18,0.034,0.014,0.3,0.004
20180805,27,17,0.028,0.009,0.3,0.003
20180806,31,20,0.026,0.019,0.4,0.003
20180807,20,12,0.031,0.018,0.4,0.004
20180808,26,17,0.024,0.015,0.3,0.004
20180809,24,17,0.02,0.02,0.4,0.004
20180810,16,9,0.027,0.016,0.4,0.003
20180811,10,6,0.033,0.014,0.3,0.003
20180812,15,10,0.036,0.013,0.3,0.003
20180813,31,22,0.027,0.018,0.4,0.004
20180814,27,17,0.027,0.021,0.4,0.004
20180815,28,19,0.036,0.018,0.4,0.004
20180816,16,8,0.025,0.012,0.3,0.003
20180817,13,5,0.03,0.012,0.3,0.003
20180818,16,7,0.035,0.014,0.3,0.003
20180819,23,13,0.045,0.017,0.3,0.004
20180820,36,21,0.041,0.021,0.4,0.004
20180821,22,12,0.029,0.019,0.4,0.004
20180822,24,14,0.03,0.02,0.4,0.004
20180823,13,6,0.014,0.012,0.3,0.003
20180824,9,4,0.02,0.013,0.3,0.003
20180825,23,12,0.038,0.015,0.4,0.004
20180826,17,10,0.031,0.016,0.4,0.003
20180827,10,5,0.018,0.021,0.4,0.003
20180828,10,5,0.007,0.02,0.4,0.003
20180829,13,7,0.008,0.016,0.3,0.003
20180830,27,17,0.025,0.021,0.4,0.004
20180831,24,14,0.031,0.022,0.4,0.004
20180901,19,9,0.025,0.017,0.4,0.003
20180902,13,6,0.034,0.012,0.3,0.003
20180903,15,8,0.017,0.022,0.4,0.003
20180904,17,8,0.028,0.015,0.3,0.003
20180905,27,10,0.041,0.017,0.4,0.004
20180906,34,18,0.041,0.024,0.5,0.004
20180907,25,12,0.041,0.015,0.4,0.004
20180908,24,10,0.028,0.019,0.4,0.004
20180909,21,10,0.031,0.016,0.4,0.003
20180910,12,5,0.03,0.013,0.3,0.003
20180911,13,5,0.027,0.015,0.3,0.003
20180912,16,7,0.03,0.02,0.3,0.003
20180913,19,9,0.019,0.025,0.4,0.003
20180914,18,9,0.017,0.022,0.4,0.003
20180915,13,7,0.017,0.023,0.4,0.003
20180916,37,25,0.028,0.018,0.5,0.004
20180917,28,15,0.032,0.019,0.4,0.003
20180918,36,17,0.023,0.031,0.5,0.004
20180919,39,19,0.021,0.035,0.5,0.004
20180920,15,9,0.027,0.019,0.4,0.003
20180921,8,4,0.021,0.02,0.4,0.003
20180922,31,11,0.026,0.023,0.4,0.004
20180923,29,10,0.03,0.018,0.4,0.004
20180924,14,6,0.028,0.011,0.3,0.003
20180925,14,7,0.024,0.012,0.3,0.003
20180926,8,4,0.029,0.01,0.3,0.003
20180927,9,4,0.026,0.015,0.3,0.003
20180928,14,6,0.017,0.022,0.3,0.003
20180929,16,8,0.019,0.023,0.4,0.003
20180930,20,10,0.024,0.017,0.4,0.003
20181001,17,8,0.028,0.012,0.3,0.003
20181002,25,13,0.022,0.023,0.4,0.004
20181003,27,15,0.019,0.029,0.5,0.004
20181004,20,11,0.022,0.024,0.4,0.003
20181005,10,5,0.023,0.019,0.3,0.003
20181006,6,3,0.027,0.014,0.3,0.003
20181007,26,10,0.023,0.017,0.4,0.004
20181008,22,8,0.016,0.028,0.4,0.004
20181009,25,11,0.012,0.03,0.5,0.004
20181010,18,10,0.023,0.014,0.4,0.003
20181011,17,7,0.018,0.017,0.4,0.003
20181012,24,12,0.013,0.029,0.5,0.004
20181013,34,21,0.012,0.038,0.5,0.004
20181014,34,22,0.024,0.03,0.5,0.004
20181015,60,37,0.027,0.036,0.7,0.004
20181016,48,26,0.017,0.036,0.6,0.004
20181017,34,16,0.015,0.035,0.5,0.004
20181018,15,7,0.014,0.024,0.4,0.004
20181019,19,9,0.017,0.027,0.4,0.004
20181020,39,20,0.013,0.041,0.6,0.004
20181021,37,22,0.02,0.039,0.6,0.004
20181022,52,33,0.015,0.052,0.7,0.005
20181023,51,30,0.015,0.045,0.7,0.005
20181024,40,18,0.015,0.035,0.6,0.004
20181025,39,19,0.01,0.045,0.7,0.004
20181026,35,19,0.014,0.038,0.5,0.004
20181027,26,6,0.024,0.014,0.3,0.004
20181028,14,8,0.016,0.025,0.4,0.004
20181029,17,7,0.016,0.021,0.4,0.004
20181030,21,10,0.015,0.02,0.4,0.004
20181031,22,12,0.016,0.024,0.5,0.004
20181101,34,19,0.01,0.039,0.7,0.004
20181102,43,26,0.008,0.051,0.8,0.005
20181103,53,35,0.01,0.055,0.8,0.005
20181104,44,30,0.018,0.042,0.7,0.004
20181105,59,39,0.01,0.05,0.8,0.005
20181106,102,71,0.005,0.063,1,0.005
20181107,62,45,0.009,0.039,0.7,0.004
20181108,9,5,0.014,0.026,0.4,0.004
20181109,41,24,0.029,0.022,0.5,0.005
20181110,72,46,0.02,0.035,0.7,0.005
20181111,66,41,0.01,0.035,0.7,0.005
20181112,32,17,0.013,0.035,0.6,0.005
20181113,41,24,0.01,0.041,0.7,0.005
20181114,35,22,0.01,0.041,0.6,0.005
20181115,49,33,0.007,0.052,0.7,0.005
20181116,55,39,0.013,0.041,0.8,0.005
20181117,31,17,0.011,0.031,0.6,0.004
20181118,36,22,0.011,0.034,0.7,0.005
20181119,56,31,0.01,0.041,0.8,0.005
20181120,45,18,0.012,0.04,0.6,0.005
20181121,34,17,0.011,0.036,0.5,0.004
20181122,21,9,0.021,0.021,0.4,0.004
20181123,23,11,0.012,0.033,0.5,0.004
20181124,22,15,0.01,0.033,0.5,0.004
20181125,46,34,0.007,0.04,0.8,0.004
20181126,62,42,0.006,0.045,0.9,0.005
20181127,124,52,0.007,0.044,0.9,0.005
20181128,118,21,0.014,0.03,0.5,0.005
20181129,75,21,0.004,0.042,0.6,0.005
20181130,61,22,0.007,0.041,0.6,0.005
20181201,46,23,0.005,0.049,0.7,0.005
20181202,48,24,0.007,0.041,0.7,0.005
20181203,42,22,0.007,0.04,0.7,0.004
20181204,34,16,0.014,0.022,0.5,0.004
20181205,28,11,0.012,0.025,0.4,0.004
20181206,38,17,0.013,0.026,0.5,0.004
20181207,21,8,0.024,0.013,0.3,0.004
20181208,23,8,0.022,0.014,0.4,0.004
20181209,22,10,0.018,0.021,0.5,0.005
20181210,35,18,0.007,0.043,0.7,0.005
20181211,42,23,0.005,0.044,0.7,0.005
20181212,44,22,0.017,0.027,0.5,0.005
20181213,39,23,0.015,0.031,0.6,0.005
20181214,33,18,0.011,0.032,0.5,0.005
20181215,56,38,0.004,0.049,0.9,0.005
20181216,54,40,0.003,0.049,0.9,0.005
20181217,74,48,0.011,0.037,0.8,0.006
20181218,46,26,0.008,0.046,0.8,0.005
20181219,52,31,0.008,0.048,0.8,0.006
20181220,59,37,0.005,0.054,0.9,0.006
20181221,78,50,0.003,0.06,1,0.007
20181222,88,63,0.009,0.054,1,0.007
20181223,52,28,0.022,0.021,0.6,0.005
20181224,23,12,0.014,0.029,0.5,0.005
20181225,34,22,0.004,0.045,0.7,0.005
20181226,50,25,0.016,0.025,0.6,0.005
20181227,27,8,0.022,0.014,0.4,0.004
20181228,35,13,0.015,0.021,0.5,0.004
20181229,37,9,0.021,0.017,0.4,0.004
20181230,32,17,0.012,0.029,0.6,0.005
20181231,46,29,0.007,0.043,0.8,0.005
20190101,38,25,0.016,0.03,0.7,0.004
20190102,34,22,0.012,0.036,0.7,0.005
20190103,39,24,0.007,0.045,0.8,0.005
20190104,60,42,0.004,0.059,1.1,0.006
20190105,63,40,0.017,0.029,0.6,0.005
20190106,49,23,0.01,0.037,0.6,0.005
20190107,57,37,0.008,0.049,0.9,0.006
20190108,41,18,0.02,0.024,0.5,0.005
20190109,51,22,0.008,0.036,0.7,0.005
20190110,58,34,0.004,0.047,0.7,0.005
20190111,80,57,0.005,0.053,1,0.006
20190112,96,69,0.009,0.053,1,0.006
20190113,115,83,0.013,0.049,1.1,0.006
20190114,166,129,0.005,0.064,1.4,0.006
20190115,134,81,0.019,0.028,0.9,0.005
20190116,46,17,0.015,0.026,0.5,0.004
20190117,43,22,0.012,0.036,0.7,0.005
20190118,61,39,0.008,0.051,0.9,0.006
20190119,96,67,0.008,0.054,1,0.006
20190120,66,33,0.024,0.018,0.6,0.005
20190121,45,21,0.009,0.039,0.7,0.005
20190122,67,33,0.009,0.046,1,0.005
20190123,74,44,0.015,0.039,0.9,0.005
20190124,41,21,0.01,0.041,0.6,0.005
20190125,51,21,0.018,0.03,0.6,0.005
20190126,43,20,0.022,0.02,0.5,0.005
20190127,36,20,0.015,0.033,0.6,0.005
20190128,85,24,0.023,0.021,0.5,0.005
20190129,67,23,0.008,0.043,0.7,0.005
20190130,63,33,0.008,0.051,0.8,0.006
20190131,72,21,0.017,0.023,0.5,0.005
20190201,39,18,0.013,0.033,0.6,0.004
20190202,59,36,0.008,0.043,0.7,0.004
20190203,39,30,0.017,0.029,0.7,0.004
20190204,72,36,0.025,0.02,0.5,0.004
20190205,85,28,0.013,0.041,0.7,0.005
20190206,96,35,0.015,0.043,0.8,0.005
20190207,61,32,0.027,0.016,0.5,0.004
20190208,32,17,0.017,0.026,0.5,0.004
20190209,36,17,0.024,0.018,0.5,0.004
20190210,42,23,0.018,0.025,0.5,0.005
20190211,39,23,0.021,0.026,0.6,0.005
20190212,59,38,0.022,0.032,0.7,0.006
20190213,39,20,0.022,0.027,0.5,0.005
20190214,53,27,0.012,0.043,0.7,0.005
20190215,39,28,0.015,0.039,0.6,0.004
20190216,59,48,0.029,0.02,0.7,0.005
20190217,36,25,0.023,0.028,0.6,0.005
20190218,42,27,0.007,0.05,0.7,0.005
20190219,43,34,0.009,0.042,0.7,0.004
20190220,62,51,0.023,0.032,0.7,0.004
20190221,77,62,0.014,0.047,1,0.005
20190222,73,55,0.012,0.053,1,0.006
20190223,56,39,0.015,0.049,0.9,0.005
20190224,65,51,0.022,0.046,0.8,0.006
20190225,82,59,0.022,0.038,0.7,0.005
20190226,53,28,0.016,0.043,0.7,0.005
20190227,71,45,0.015,0.053,0.7,0.007
20190228,90,60,0.021,0.052,0.8,0.006
20190301,120,84,0.028,0.049,1,0.006
20190302,121,85,0.023,0.056,1,0.006
20190303,110,77,0.03,0.046,0.9,0.005
20190304,169,117,0.03,0.05,1,0.006
20190305,186,135,0.035,0.036,0.9,0.006
20190306,141,101,0.028,0.044,0.9,0.006
20190307,57,39,0.03,0.029,0.7,0.004
20190308,47,26,0.02,0.04,0.6,0.005
20190309,45,29,0.012,0.053,0.7,0.006
20190310,52,34,0.024,0.035,0.6,0.005
20190311,71,46,0.02,0.04,0.7,0.005
20190312,83,49,0.03,0.026,0.6,0.004
20190313,42,11,0.03,0.02,0.4,0.004
20190314,42,20,0.026,0.03,0.5,0.004
20190315,56,32,0.025,0.031,0.5,0.004
20190316,41,28,0.024,0.026,0.5,0.004
20190317,37,23,0.027,0.025,0.5,0.004
20190318,39,23,0.014,0.046,0.6,0.006
20190319,67,42,0.016,0.053,0.8,0.006
20190320,94,68,0.017,0.05,0.8,0.005
20190321,34,26,0.033,0.022,0.5,0.003
20190322,36,19,0.034,0.015,0.4,0.003
20190323,24,15,0.029,0.023,0.4,0.004
20190324,27,13,0.033,0.02,0.4,0.004
20190325,47,28,0.034,0.03,0.5,0.004
20190326,58,34,0.031,0.033,0.5,0.004
20190327,94,60,0.048,0.027,0.6,0.005
20190328,81,49,0.034,0.027,0.5,0.004
20190329,39,19,0.037,0.023,0.4,0.004
20190330,35,24,0.037,0.018,0.4,0.003
20190331,42,26,0.037,0.013,0.4,0.003
