날짜,공휴일,날씨,어른,청소년,어린이,외국인,단체,총입장객수,연,월,일,요일
2016-01-01,O,구름 조금,2799,141.0,419,47,0,4382,2016,1,1,금
2016-01-02,O,구름 많음,4370,203.0,600,100,111,7265,2016,1,2,토
2016-01-03,O,구름 많음,2571,128.0,309,91,0,4557,2016,1,3,일
2016-01-04,X,구름 많음,602,463.0,235,51,223,1690,2016,1,4,월
2016-01-05,X,구름 많음,319,35.0,62,43,47,1256,2016,1,5,화
2016-01-06,X,구름 조금,277,41.0,49,34,0,1174,2016,1,6,수
2016-01-07,X,맑음,250,23.0,36,13,0,1044,2016,1,7,목
2016-01-08,X,구름 조금,251,28.0,36,30,0,926,2016,1,8,금
2016-01-09,O,구름 많음,1227,78.0,113,47,80,2640,2016,1,9,토
2016-01-10,O,구름 많음,1839,96.0,276,34,61,3604,2016,1,10,일
2016-01-11,X,구름 조금,268,40.0,60,23,0,996,2016,1,11,월
2016-01-12,X,구름 조금,531,27.0,304,12,614,1642,2016,1,12,화
2016-01-13,X,구름 많음,192,21.0,27,24,0,1007,2016,1,13,수
2016-01-14,X,구름 조금,200,37.0,15,13,5,872,2016,1,14,목
2016-01-15,X,구름 조금,253,35.0,51,14,0,1047,2016,1,15,금
2016-01-16,O,구름 많음,1395,97.0,228,23,167,2997,2016,1,16,토
2016-01-17,O,흐림,1954,94.0,265,9,30,3448,2016,1,17,일
2016-01-18,X,구름 많음,162,29.0,25,9,0,808,2016,1,18,월
2016-01-19,X,맑음,61,9.0,8,13,0,300,2016,1,19,화
2016-01-20,X,맑음,69,7.0,6,17,0,422,2016,1,20,수
2016-01-21,X,구름 많음,119,15.0,19,3,0,627,2016,1,21,목
2016-01-22,X,구름 조금,81,32.0,15,6,0,586,2016,1,22,금
2016-01-23,O,구름 조금,198,80.0,18,6,71,890,2016,1,23,토
2016-01-24,O,구름 조금,110,9.0,9,23,0,324,2016,1,24,일
2016-01-25,X,맑음,58,10.0,4,5,0,422,2016,1,25,월
2016-01-26,X,눈/비,123,11.0,16,10,0,758,2016,1,26,화
2016-01-27,X,구름 조금,287,61.0,46,29,0,1218,2016,1,27,수
2016-01-28,X,구름 많음,290,46.0,34,9,0,1146,2016,1,28,목
2016-01-29,X,흐림,663,50.0,361,46,571,1777,2016,1,29,금
2016-01-30,O,구름 조금,2266,146.0,243,72,0,4128,2016,1,30,토
2016-01-31,O,구름 조금,1304,57.0,149,28,0,2584,2016,1,31,일
2016-02-01,X,맑음,188,3033.0,17,18,3000,3746,2016,2,1,월
2016-02-02,X,맑음,166,2023.0,10,8,2000,2927,2016,2,2,화
2016-02-03,X,구름 조금,264,23.0,9,32,0,1130,2016,2,3,수
2016-02-04,X,구름 조금,319,31.0,21,28,0,1120,2016,2,4,목
2016-02-05,X,구름 조금,234,41.0,29,14,0,840,2016,2,5,금
2016-02-06,O,맑음,924,53.0,105,40,0,2058,2016,2,6,토
2016-02-07,O,맑음,1251,74.0,127,191,0,2128,2016,2,7,일
2016-02-08,O,구름 많음,2286,123.0,245,429,0,3221,2016,2,8,월
2016-02-09,O,맑음,4610,223.0,620,209,0,7060,2016,2,9,화
2016-02-10,O,맑음,6037,251.0,792,141,0,9949,2016,2,10,수
2016-02-11,X,구름 많음,1545,113.0,419,98,671,3098,2016,2,11,목
2016-02-12,X,눈/비,74,17.0,6,0,0,357,2016,2,12,금
2016-02-13,O,흐림,1401,41.0,167,54,45,2742,2016,2,13,토
2016-02-14,O,흐림,862,83.0,108,63,0,2042,2016,2,14,일
2016-02-15,X,맑음,194,463.0,29,39,0,696,2016,2,15,월
2016-02-16,X,구름 많음,178,25.0,32,40,0,994,2016,2,16,화
2016-02-17,X,맑음,440,93.0,46,21,0,1429,2016,2,17,수
2016-02-18,X,구름 많음,529,83.0,86,68,0,1622,2016,2,18,목
2016-02-19,X,구름 많음,555,98.0,84,26,0,1630,2016,2,19,금
2016-02-20,O,구름 조금,3926,193.0,599,45,73,6626,2016,2,20,토
2016-02-21,O,맑음,2911,157.0,439,89,0,5102,2016,2,21,일
2016-02-22,X,흐림,522,74.0,97,8,0,1398,2016,2,22,월
2016-02-23,X,구름 많음,559,106.0,150,32,65,1726,2016,2,23,화
2016-02-24,X,맑음,371,82.0,89,19,33,1333,2016,2,24,수
2016-02-25,X,구름 조금,524,80.0,119,15,0,1538,2016,2,25,목
2016-02-26,X,구름 조금,992,194.0,189,19,69,2519,2016,2,26,금
2016-02-27,O,구름 많음,3990,197.0,611,0,175,6519,2016,2,27,토
2016-02-28,O,구름 많음,2748,153.0,465,51,0,4970,2016,2,28,일
2016-02-29,X,구름 조금,476,92.0,106,27,0,1233,2016,2,29,월
2016-03-01,O,맑음,2450,198.0,289,31,104,4507,2016,3,1,화
2016-03-02,X,구름 조금,878,21.0,272,8,605,2146,2016,3,2,수
2016-03-03,X,흐림,721,2.0,10,20,0,1783,2016,3,3,목
2016-03-04,X,흐림,1572,16.0,41,2,63,2783,2016,3,4,금
2016-03-05,O,흐림,495,12.0,61,10,0,1405,2016,3,5,토
2016-03-06,O,구름 많음,7669,219.0,909,108,0,11564,2016,3,6,일
2016-03-07,X,구름 많음,683,5.0,17,21,0,1480,2016,3,7,월
2016-03-08,X,463,465,10007.0,8,8,10000,11521,2016,3,8,화
2016-03-09,X,463,384,2.0,7,41,0,1255,2016,3,9,수
2016-03-10,X,463,283,0.0,11,14,30,1184,2016,3,10,목
2016-03-11,X,463,975,12.0,582,21,1209,2305,2016,3,11,금
2016-03-12,O,흐림,4427,171.0,653,55,86,7460,2016,3,12,토
2016-03-13,O,흐림,3897,125.0,535,87,100,6352,2016,3,13,일
2016-03-14,X,구름 많음,1175,10.0,30,57,0,2385,2016,3,14,월
2016-03-15,X,맑음,1205,10.0,23,53,41,2541,2016,3,15,화
2016-03-16,X,구름 조금,1465,7.0,41,40,0,2697,2016,3,16,수
2016-03-17,X,구름 조금,1270,37.0,35,36,62,2529,2016,3,17,목
2016-03-18,X,흐림,1663,13.0,48,29,0,2836,2016,3,18,금
2016-03-19,O,구름 조금,22735,422.0,2990,112,178,33131,2016,3,19,토
2016-03-20,O,구름 조금,22947,535.0,3370,176,0,34360,2016,3,20,일
2016-03-21,X,맑음,2223,14.0,70,58,0,3537,2016,3,21,월
2016-03-22,X,구름 조금,1755,20.0,41,74,53,3338,2016,3,22,화
2016-03-23,X,구름 조금,1365,58.0,69,22,57,2787,2016,3,23,수
2016-03-24,X,맑음,1223,37.0,61,50,63,2438,2016,3,24,목
2016-03-25,X,구름 조금,1705,79.0,85,65,38,3291,2016,3,25,금
2016-03-26,O,맑음,14114,408.0,2094,192,62,21748,2016,3,26,토
2016-03-27,O,맑음,20041,487.0,2860,205,60,30489,2016,3,27,일
2016-03-28,X,맑음,2477,85.0,86,97,131,4136,2016,3,28,월
2016-03-29,X,구름 많음,1013,29.0,91,47,62,2248,2016,3,29,화
2016-03-30,X,구름 많음,2135,1195.0,341,70,1834,4857,2016,3,30,수
2016-03-31,X,구름 많음,2494,406.0,152,100,393,4758,2016,3,31,목
2016-04-01,X,맑음,4131,1210.0,274,47,1158,7537,2016,4,1,금
2016-04-02,O,구름 조금,26605,561.0,3643,169,201,37787,2016,4,2,토
2016-04-03,O,흐림,6498,347.0,959,141,785,9952,2016,4,3,일
2016-04-04,X,구름 조금,4219,52.0,188,59,105,6813,2016,4,4,월
2016-04-05,X,맑음,4278,75.0,116,79,343,7452,2016,4,5,화
2016-04-06,X,구름 조금,4467,1202.0,252,50,1928,9032,2016,4,6,수
2016-04-07,X,눈/비,2638,117.0,69,72,379,5013,2016,4,7,목
2016-04-08,X,구름 조금,5984,1187.0,232,94,1730,11370,2016,4,8,금
2016-04-09,O,구름 많음,20664,825.0,2840,226,214,32879,2016,4,9,토
2016-04-10,O,구름 많음,22441,936.0,3192,446,176,33139,2016,4,10,일
2016-04-11,X,맑음,5223,2145.0,424,97,2583,11313,2016,4,11,월
2016-04-12,X,구름 많음,4595,2101.0,289,89,3684,12028,2016,4,12,화
2016-04-13,O,눈/비,17011,708.0,2795,172,97,26405,2016,4,13,수
2016-04-14,X,구름 많음,2683,778.0,444,125,1814,7079,2016,4,14,목
2016-04-15,X,맑음,4904,2614.0,2028,115,6692,14228,2016,4,15,금
2016-04-16,O,구름 많음,8454,268.0,1331,162,549,14154,2016,4,16,토
2016-04-17,O,구름 많음,9618,278.0,1335,160,90,14205,2016,4,17,일
2016-04-18,X,구름 조금,2591,17.0,387,64,660,5862,2016,4,18,월
2016-04-19,X,구름 조금,2721,5064.0,1087,26,6926,12051,2016,4,19,화
2016-04-20,X,463,1890,10.0,567,76,1854,6493,2016,4,20,수
2016-04-21,X,463,966,57.0,1155,19,1482,3489,2016,4,21,목
2016-04-22,X,463,2971,208.0,1158,23,4091,9794,2016,4,22,금
2016-04-23,O,463,8874,155.0,1383,220,996,14361,2016,4,23,토
2016-04-24,O,463,13281,217.0,2019,516,748,19642,2016,4,24,일
2016-04-25,X,맑음,2564,10248.0,3649,75,15073,19979,2016,4,25,월
2016-04-26,X,463,2805,2217.0,1849,61,5832,11099,2016,4,26,화
2016-04-27,X,구름 많음,3451,261.0,1233,56,4548,9335,2016,4,27,수
2016-04-28,X,463,2821,421.0,1119,67,5376,11151,2016,4,28,목
2016-04-29,X,463,4320,3724.0,1321,53,7273,15084,2016,4,29,금
2016-04-30,O,463,13675,431.0,2050,343,1585,21736,2016,4,30,토
2016-05-01,O,구름 조금,21986,570.0,3074,399,367,31290,2016,5,1,일
2016-05-02,X,구름 많음,2712,57.0,3538,50,3626,7756,2016,5,2,월
2016-05-03,X,463,76,321.0,3,2,315,754,2016,5,3,화
2016-05-04,X,463,2649,4659.0,395,139,5942,11015,2016,5,4,수
2016-05-05,O,463,38511,1708.0,0,476,35,58688,2016,5,5,목
2016-05-06,O,눈/비,4764,416.0,1031,61,0,8162,2016,5,6,금
2016-05-07,O,463,16823,1083.0,2843,303,221,26612,2016,5,7,토
2016-05-08,O,구름 조금,13315,571.0,1652,409,97,19719,2016,5,8,일
2016-05-09,X,구름 많음,2403,1823.0,418,24,2296,6883,2016,5,9,월
2016-05-10,X,463,330,781.0,345,3,1365,2258,2016,5,10,화
2016-05-11,X,463,2654,813.0,375,61,2647,7812,2016,5,11,수
2016-05-12,X,463,5174,3651.0,2630,91,11190,17015,2016,5,12,목
2016-05-13,X,463,3870,6565.0,1184,87,10016,17536,2016,5,13,금
2016-05-14,O,구름 조금,23106,743.0,3225,262,415,33879,2016,5,14,토
2016-05-15,O,구름 많음,8826,364.0,1338,212,231,14485,2016,5,15,일
2016-05-16,X,463,2451,30.0,340,72,1026,5422,2016,5,16,월
2016-05-17,X,맑음,3392,23.0,671,120,2199,8423,2016,5,17,화
2016-05-18,X,463,2629,119.0,625,68,2343,7567,2016,5,18,수
2016-05-19,X,맑음,2497,2063.0,515,30,5026,10067,2016,5,19,목
2016-05-20,X,맑음,2909,13147.0,1653,103,17416,23976,2016,5,20,금
2016-05-21,O,463,15551,513.0,2505,312,5595,24125,2016,5,21,토
2016-05-22,O,463,12990,436.0,1376,390,308,19183,2016,5,22,일
2016-05-23,X,463,2764,193.0,83,36,824,5807,2016,5,23,월
2016-05-24,X,463,744,2631.0,91,63,2984,4843,2016,5,24,화
2016-05-25,X,구름 많음,3069,210.0,432,92,2491,8512,2016,5,25,수
2016-05-26,X,구름 많음,2620,3099.0,115,69,5220,11009,2016,5,26,목
2016-05-27,X,463,4919,3098.0,377,145,5554,13374,2016,5,27,금
2016-05-28,O,463,19064,646.0,2164,388,1819,30005,2016,5,28,토
2016-05-29,O,흐림,20954,776.0,2055,918,465,30541,2016,5,29,일
2016-05-30,X,463,3846,41.0,178,228,389,6632,2016,5,30,월
2016-05-31,X,463,3920,443.0,280,188,1790,8769,2016,5,31,화
2016-06-01,X,463,3592,191.0,163,170,1093,7759,2016,6,1,수
2016-06-02,X,463,4872,697.0,1528,77,4663,11292,2016,6,2,목
2016-06-03,X,구름 조금,4168,4882.0,186,163,5631,12877,2016,6,3,금
2016-06-04,O,463,23308,727.0,2755,397,389,33802,2016,6,4,토
2016-06-05,O,구름 조금,28943,1079.0,3482,729,190,41743,2016,6,5,일
2016-06-06,O,463,26358,1423.0,3249,498,392,39271,2016,6,6,월
2016-06-07,X,흐림,3086,424.0,606,178,1378,7333,2016,6,7,화
2016-06-08,X,구름 많음,2743,40.0,85,96,1023,6171,2016,6,8,수
2016-06-09,X,구름 조금,2231,286.0,52,57,993,5514,2016,6,9,목
2016-06-10,X,463,2451,1705.0,653,161,3476,8010,2016,6,10,금
2016-06-11,O,463,10669,288.0,1149,285,996,15784,2016,6,11,토
2016-06-12,O,463,9668,243.0,902,339,157,14106,2016,6,12,일
2016-06-13,X,463,1808,6.0,153,36,522,3884,2016,6,13,월
2016-06-14,X,463,1355,8.0,149,88,466,3647,2016,6,14,화
2016-06-15,X,463,256,3.0,9,42,76,846,2016,6,15,수
2016-06-16,X,463,2417,21.0,122,66,1571,4572,2016,6,16,목
2016-06-17,X,463,1900,35.0,231,87,843,4479,2016,6,17,금
2016-06-18,O,463,8888,169.0,1076,191,375,13938,2016,6,18,토
2016-06-19,O,463,8472,165.0,949,311,32,12939,2016,6,19,일
2016-06-20,X,463,2239,28.0,598,91,94,4391,2016,6,20,월
2016-06-21,X,463,1181,16.0,33,105,305,2767,2016,6,21,화
2016-06-22,X,463,508,43.0,28,51,104,1610,2016,6,22,수
2016-06-23,X,463,1572,22.0,198,48,472,3664,2016,6,23,목
2016-06-24,X,463,629,6.0,33,45,110,1505,2016,6,24,금
2016-06-25,O,구름 많음,9060,127.0,1026,141,123,13799,2016,6,25,토
2016-06-26,O,463,8405,116.0,943,242,65,13252,2016,6,26,일
2016-06-27,X,463,1603,42.0,68,72,90,3038,2016,6,27,월
2016-06-28,X,463,1283,51.0,86,146,168,2618,2016,6,28,화
2016-06-29,X,구름 많음,1224,21.0,73,48,45,2438,2016,6,29,수
2016-06-30,X,눈/비,1120,29.0,53,62,185,2357,2016,6,30,목
2016-07-01,X,눈/비,1182,16.0,802,57,1675,2712,2016,7,1,금
2016-07-02,O,463,5707,71.0,678,170,0,9126,2016,7,2,토
2016-07-03,O,흐림,7175,61.0,816,253,0,10843,2016,7,3,일
2016-07-04,X,눈/비,179,5.0,21,65,0,677,2016,7,4,월
2016-07-05,X,463,27,45.0,1,4,35,255,2016,7,5,화
2016-07-06,X,463,807,92.0,85,31,0,1843,2016,7,6,수
2016-07-07,X,눈/비,851,64.0,129,106,103,2035,2016,7,7,목
2016-07-08,X,구름 조금,1281,286.0,78,98,215,3098,2016,7,8,금
2016-07-09,O,구름 조금,3066,166.0,294,187,71,5459,2016,7,9,토
2016-07-10,O,구름 많음,2700,155.0,282,140,0,4688,2016,7,10,일
2016-07-11,X,구름 많음,643,25.0,53,56,46,1587,2016,7,11,월
2016-07-12,X,눈/비,493,10208.0,34,81,10162,11688,2016,7,12,화
2016-07-13,X,구름 많음,914,2134.0,68,53,2169,4057,2016,7,13,수
2016-07-14,X,구름 많음,787,243.0,68,76,245,2097,2016,7,14,목
2016-07-15,X,흐림,904,105.0,1179,70,30,3112,2016,7,15,금
2016-07-16,O,눈/비,356,11.0,44,20,0,1002,2016,7,16,토
2016-07-17,O,흐림,6192,178.0,750,242,0,9518,2016,7,17,일
2016-07-18,X,구름 많음,1502,49.0,121,125,67,2853,2016,7,18,월
2016-07-19,X,구름 조금,946,112.0,89,182,119,2267,2016,7,19,화
2016-07-20,X,구름 많음,674,57.0,90,108,0,1708,2016,7,20,수
2016-07-21,X,구름 많음,745,90.0,90,63,0,1839,2016,7,21,목
2016-07-22,X,구름 많음,547,78.0,52,78,0,1400,2016,7,22,금
2016-07-23,O,흐림,2367,130.0,247,211,30,4251,2016,7,23,토
2016-07-24,O,눈/비,2654,152.0,346,251,0,4628,2016,7,24,일
2016-07-25,X,구름 많음,1011,99.0,196,83,33,2032,2016,7,25,월
2016-07-26,X,구름 많음,821,82.0,120,17,0,1860,2016,7,26,화
2016-07-27,X,눈/비,623,58.0,135,51,0,1462,2016,7,27,수
2016-07-28,X,구름 많음,1192,105.0,226,135,0,2383,2016,7,28,목
2016-07-29,X,눈/비,1164,3048.0,551,74,3689,5240,2016,7,29,금
2016-07-30,O,눈/비,3708,206.0,531,259,64,6092,2016,7,30,토
2016-07-31,O,구름 많음,3295,164.0,377,378,115,5155,2016,7,31,일
2016-08-01,X,눈/비,2623,180.0,452,374,30,4450,2016,8,1,월
2016-08-02,X,흐림,2495,155.0,467,286,129,4359,2016,8,2,화
2016-08-03,X,구름 많음,1566,105.0,248,205,0,3018,2016,8,3,수
2016-08-04,X,구름 조금,934,77.0,137,98,0,1683,2016,8,4,목
2016-08-05,X,구름 조금,937,113.0,169,57,0,1766,2016,8,5,금
2016-08-06,O,구름 많음,1632,193.0,202,180,106,3029,2016,8,6,토
2016-08-07,O,구름 많음,1411,99.0,180,127,0,2586,2016,8,7,일
2016-08-08,X,구름 많음,489,74.0,94,62,0,1118,2016,8,8,월
2016-08-09,X,구름 많음,474,57.0,106,122,0,1188,2016,8,9,화
2016-08-10,X,구름 많음,475,56.0,97,68,0,1198,2016,8,10,수
2016-08-11,X,구름 조금,471,62.0,109,89,0,1106,2016,8,11,목
2016-08-12,X,구름 조금,544,69.0,102,48,0,1222,2016,8,12,금
2016-08-13,O,구름 많음,1760,107.0,309,128,76,3177,2016,8,13,토
2016-08-14,O,눈/비,4327,171.0,463,142,1062,6159,2016,8,14,일
2016-08-15,O,구름 많음,2675,243.0,382,170,0,4256,2016,8,15,월
2016-08-16,X,구름 많음,704,64.0,142,68,96,1428,2016,8,16,화
2016-08-17,X,구름 조금,548,242.0,132,59,243,1454,2016,8,17,수
2016-08-18,X,구름 많음,599,10023.0,152,91,10038,11359,2016,8,18,목
2016-08-19,X,구름 많음,1150,3061.0,491,56,3810,5345,2016,8,19,금
2016-08-20,O,구름 많음,3421,133.0,485,168,30,5468,2016,8,20,토
2016-08-21,O,구름 많음,2660,94.0,332,72,0,4429,2016,8,21,일
2016-08-22,X,구름 많음,516,15.0,61,65,0,1088,2016,8,22,월
2016-08-23,X,눈/비,450,13.0,71,36,0,1146,2016,8,23,화
2016-08-24,X,구름 많음,518,44.0,61,62,0,1336,2016,8,24,수
2016-08-25,X,구름 많음,536,11.0,44,40,42,1289,2016,8,25,목
2016-08-26,X,구름 많음,1442,10.0,80,109,0,2575,2016,8,26,금
2016-08-27,O,구름 조금,13366,242.0,1467,145,139,19035,2016,8,27,토
2016-08-28,O,구름 많음,12114,231.0,1413,166,0,18218,2016,8,28,일
2016-08-29,X,구름 많음,2321,44.0,107,92,0,3636,2016,8,29,월
2016-08-30,X,흐림,1988,39.0,75,55,0,3382,2016,8,30,화
2016-08-31,X,눈/비,44,75.0,20277,0,75,20690,2016,8,31,수
2016-09-01,X,눈/비,1224,69.0,61,35,258,2725,2016,9,1,목
2016-09-02,X,구름 많음,1501,211.0,97,50,226,2884,2016,9,2,금
2016-09-03,O,흐림,12693,233.0,1551,153,30,19980,2016,9,3,토
2016-09-04,O,구름 많음,13769,223.0,1562,155,0,19815,2016,9,4,일
2016-09-05,X,구름 많음,1480,142.0,71,140,161,2784,2016,9,5,월
2016-09-06,X,구름 많음,1191,131.0,25,62,258,2806,2016,9,6,화
2016-09-07,X,구름 많음,1176,25.0,225,42,489,2568,2016,9,7,수
2016-09-08,X,눈/비,669,7.0,110,37,185,1717,2016,9,8,목
2016-09-09,X,구름 많음,1171,6242.0,203,13,6489,8865,2016,9,9,금
2016-09-10,O,구름 많음,10518,463.0,1200,86,60,16066,2016,9,10,토
2016-09-11,O,구름 많음,12597,254.0,1511,156,95,19518,2016,9,11,일
2016-09-12,X,구름 많음,1672,90.0,342,34,92,2976,2016,9,12,월
2016-09-13,X,구름 많음,2084,729.0,247,109,670,4363,2016,9,13,화
2016-09-14,O,눈/비,8214,214.0,962,407,38,11712,2016,9,14,수
2016-09-15,O,구름 조금,12931,400.0,1307,806,0,17941,2016,9,15,목
2016-09-16,O,구름 많음,21780,583.0,2760,862,30,32719,2016,9,16,금
2016-09-17,O,구름 많음,13452,311.0,1704,242,0,19920,2016,9,17,토
2016-09-18,O,구름 많음,14286,298.0,1475,253,0,21560,2016,9,18,일
2016-09-19,X,구름 많음,1899,35.0,112,24,34,3360,2016,9,19,월
2016-09-20,X,맑음,1760,41.0,410,50,867,4447,2016,9,20,화
2016-09-21,X,구름 많음,1566,9.0,104,33,400,3825,2016,9,21,수
2016-09-22,X,구름 조금,1696,6.0,396,58,781,4565,2016,9,22,목
2016-09-23,X,맑음,2132,160.0,385,62,1386,5709,2016,9,23,금
2016-09-24,O,구름 조금,14652,216.0,2023,153,586,23547,2016,9,24,토
2016-09-25,O,구름 많음,14608,277.0,1762,69,237,21160,2016,9,25,일
2016-09-26,X,구름 많음,1807,25.0,216,35,316,3713,2016,9,26,월
2016-09-27,X,눈/비,179,0.0,431,12,449,1483,2016,9,27,화
2016-09-28,X,구름 많음,1068,40.0,235,40,1118,4026,2016,9,28,수
2016-09-29,X,구름 많음,1919,152.0,391,50,1844,5586,2016,9,29,목
2016-09-30,X,구름 많음,2878,534.0,836,82,3097,7872,2016,9,30,금
2016-10-01,O,구름 많음,17842,294.0,2446,112,64,27694,2016,10,1,토
2016-10-02,O,눈/비,866,36.0,155,18,0,1857,2016,10,2,일
2016-10-03,O,구름 조금,19036,340.0,3049,196,326,30759,2016,10,3,월
2016-10-04,X,맑음,3315,10053.0,1283,124,10747,17225,2016,10,4,화
2016-10-05,X,구름 조금,2565,167.0,478,49,1839,4904,2016,10,5,수
2016-10-06,X,구름 조금,2363,949.0,1967,47,4179,8778,2016,10,6,목
2016-10-07,X,구름 많음,2415,1543.0,747,82,3551,8665,2016,10,7,금
2016-10-08,O,흐림,10773,342.0,1311,162,1013,16488,2016,10,8,토
2016-10-09,O,맑음,15187,416.0,1850,174,131,23046,2016,10,9,일
2016-10-10,X,구름 조금,2377,121.0,444,120,481,4613,2016,10,10,월
2016-10-11,X,463,2100,1955.0,1577,99,4820,9394,2016,10,11,화
2016-10-12,X,구름 조금,2254,343.0,488,61,1635,5885,2016,10,12,수
2016-10-13,X,구름 조금,2691,1232.0,705,56,3421,8678,2016,10,13,목
2016-10-14,X,맑음,3276,3011.0,739,70,4956,11883,2016,10,14,금
2016-10-15,O,구름 조금,15081,448.0,1938,154,2135,23584,2016,10,15,토
2016-10-16,O,흐림,5275,186.0,746,119,246,8506,2016,10,16,일
2016-10-17,X,구름 많음,2484,67.0,499,116,580,5074,2016,10,17,월
2016-10-18,X,구름 조금,2653,1129.0,828,73,3100,8224,2016,10,18,화
2016-10-19,X,463,2429,2005.0,585,68,3956,8681,2016,10,19,수
2016-10-20,X,463,2668,1516.0,642,37,3128,8095,2016,10,20,목
2016-10-21,X,구름 많음,3167,3299.0,688,42,5695,11299,2016,10,21,금
2016-10-22,O,흐림,18212,762.0,2929,161,3984,28301,2016,10,22,토
2016-10-23,O,구름 많음,8950,539.0,1948,181,2988,14427,2016,10,23,일
2016-10-24,X,구름 조금,3075,3004.0,295,75,3234,8377,2016,10,24,월
2016-10-25,X,구름 많음,867,868.0,83,23,1119,2591,2016,10,25,화
2016-10-26,X,구름 많음,2155,790.0,283,71,2438,6884,2016,10,26,수
2016-10-27,X,구름 많음,3290,487.0,516,55,2209,7301,2016,10,27,목
2016-10-28,X,흐림,2921,1038.0,378,61,2652,6538,2016,10,28,금
2016-10-29,O,구름 많음,9754,378.0,1417,116,786,15346,2016,10,29,토
2016-10-30,O,맑음,11576,386.0,1544,83,130,17706,2016,10,30,일
2016-10-31,X,흐림,1066,8.0,61,12,397,2096,2016,10,31,월
2016-11-01,X,맑음,792,22.0,59,46,222,2305,2016,11,1,화
2016-11-02,X,구름 조금,1081,7.0,4869,32,5430,7520,2016,11,2,수
2016-11-03,X,구름 조금,1496,24.0,127,79,453,3254,2016,11,3,목
2016-11-04,X,구름 많음,1699,813.0,344,63,1447,4834,2016,11,4,금
2016-11-05,O,구름 많음,9125,281.0,1098,154,669,14380,2016,11,5,토
2016-11-06,O,구름 많음,12529,353.0,1608,117,118,19529,2016,11,6,일
2016-11-07,X,흐림,4341,11.0,107,42,3140,5735,2016,11,7,월
2016-11-08,X,맑음,787,260.0,23,33,325,2570,2016,11,8,화
2016-11-09,X,맑음,937,36.0,290,21,741,2630,2016,11,9,수
2016-11-10,X,흐림,567,35.0,18,28,134,1928,2016,11,10,목
2016-11-11,X,구름 조금,1414,690.0,80,118,876,3662,2016,11,11,금
2016-11-12,O,흐림,9149,228.0,1106,85,1271,13925,2016,11,12,토
2016-11-13,O,구름 많음,8971,361.0,1073,164,583,13407,2016,11,13,일
2016-11-14,X,눈/비,487,411.0,26,15,411,1819,2016,11,14,월
2016-11-15,X,맑음,836,17.0,66,24,243,2205,2016,11,15,화
2016-11-16,X,구름 조금,803,46.0,31,39,108,2019,2016,11,16,수
2016-11-17,X,463,1572,215.0,264,43,77,3480,2016,11,17,목
2016-11-18,X,463,989,82.0,265,12,315,2356,2016,11,18,금
2016-11-19,O,463,6203,139.0,726,116,179,9936,2016,11,19,토
2016-11-20,O,463,9684,10262.0,1155,86,10030,24388,2016,11,20,일
2016-11-21,X,구름 많음,1012,33.0,47,22,30,2231,2016,11,21,월
2016-11-22,X,구름 조금,387,19.0,14,4,30,1433,2016,11,22,화
2016-11-23,X,구름 조금,253,8.0,4,16,0,1021,2016,11,23,수
2016-11-24,X,맑음,161,14.0,1,11,0,881,2016,11,24,목
2016-11-25,X,구름 조금,362,606.0,17,20,606,1817,2016,11,25,금
2016-11-26,O,눈/비,896,46.0,110,29,191,2325,2016,11,26,토
2016-11-27,O,구름 조금,1917,88.0,291,53,78,3815,2016,11,27,일
2016-11-28,X,맑음,382,43.0,26,12,0,1180,2016,11,28,월
2016-11-29,X,맑음,348,25.0,10,30,0,1237,2016,11,29,화
2016-11-30,X,흐림,245,48.0,9,17,31,978,2016,11,30,수
2016-12-01,X,맑음,476,57.0,121,18,0,1483,2016,12,1,목
2016-12-02,X,맑음,368,22.0,15,41,0,1224,2016,12,2,금
2016-12-03,O,구름 조금,3330,88.0,332,58,33,5705,2016,12,3,토
2016-12-04,O,흐림,2376,94.0,278,39,0,4360,2016,12,4,일
2016-12-05,X,구름 많음,235,35.0,13,12,0,952,2016,12,5,월
2016-12-06,X,맑음,172,64.0,13,26,30,997,2016,12,6,화
2016-12-07,X,구름 조금,230,240.0,7,2,224,1314,2016,12,7,수
2016-12-08,X,흐림,219,39.0,11,18,0,1090,2016,12,8,목
2016-12-09,X,맑음,230,227.0,7,10,188,1245,2016,12,9,금
2016-12-10,O,맑음,1162,57.0,104,50,0,2386,2016,12,10,토
2016-12-11,O,맑음,1605,63.0,209,50,0,3222,2016,12,11,일
2016-12-12,X,구름 많음,331,28.0,25,40,0,1043,2016,12,12,월
2016-12-13,X,463,301,40.0,8,30,0,1312,2016,12,13,화
2016-12-14,X,463,208,15.0,28,13,137,930,2016,12,14,수
2016-12-15,X,463,101,18.0,4,13,0,698,2016,12,15,목
2016-12-16,X,구름 조금,129,14.0,12,9,0,565,2016,12,16,금
2016-12-17,O,구름 많음,1087,74.0,140,24,80,2403,2016,12,17,토
2017-03-28,X,구름 많음,0,0.0,0,0,0,2,2017,3,28,화
2017-03-29,X,구름 조금,0,0.0,0,0,0,7,2017,3,29,수
2017-03-30,X,구름 조금,1187,13.0,102,96,115,2369,2017,3,30,목
2017-03-31,X,눈/비,386,328.0,13,41,270,1299,2017,3,31,금
2017-04-01,O,눈/비,11155,204.0,1455,100,30,17070,2017,4,1,토
2017-04-02,O,맑음,19107,423.0,2636,164,0,32457,2017,4,2,일
2017-04-03,X,맑음,1878,18.0,64,27,0,3032,2017,4,3,월
2017-04-04,X,구름 조금,2054,68.0,77,97,260,3576,2017,4,4,화
2017-04-05,X,눈/비,344,105.0,10,17,190,1067,2017,4,5,수
2017-04-06,X,흐림,587,85.0,30,14,138,1603,2017,4,6,목
2017-04-07,X,구름 조금,3419,821.0,148,111,998,6248,2017,4,7,금
2017-04-08,O,구름 조금,24756,638.0,3120,220,137,40887,2017,4,8,토
2017-04-09,O,구름 많음,24523,590.0,3383,283,0,39359,2017,4,9,일
2017-04-10,X,구름 조금,5106,27.0,160,38,105,7589,2017,4,10,월
2017-04-11,X,구름 조금,3867,16.0,118,63,558,7035,2017,4,11,화
2017-04-12,X,맑음,4113,36.0,166,112,676,7538,2017,4,12,수
2017-04-13,X,구름 많음,3631,197.0,289,54,1115,7727,2017,4,13,목
2017-04-14,X,눈/비,1079,691.0,41,30,945,3058,2017,4,14,금
2017-04-15,O,구름 조금,20770,365.0,2944,225,370,31747,2017,4,15,토
2017-04-16,O,구름 많음,23676,383.0,3354,347,37,37119,2017,4,16,일
2017-04-17,X,눈/비,270,910.0,243,21,1157,2046,2017,4,17,월
2017-04-18,X,눈/비,863,6.0,298,35,802,2864,2017,4,18,화
2017-04-19,X,구름 조금,3528,10045.0,1387,91,13390,17909,2017,4,19,수
2017-04-20,X,흐림,1165,8.0,455,59,1035,3430,2017,4,20,목
2017-04-21,X,구름 많음,2802,620.0,635,63,2355,7265,2017,4,21,금
2017-04-22,O,구름 조금,19141,292.0,2969,241,1361,30798,2017,4,22,토
2017-04-23,O,맑음,21854,269.0,2985,300,333,40116,2017,4,23,일
2017-04-24,X,구름 많음,3019,24.0,560,74,759,6026,2017,4,24,월
2017-04-25,X,흐림,1910,223.0,471,74,1924,5660,2017,4,25,화
2017-04-26,X,맑음,2730,61.0,666,16,2865,7375,2017,4,26,수
2017-04-27,X,구름 조금,2636,202.0,526,52,2709,7641,2017,4,27,목
2017-04-28,X,구름 조금,3033,1765.0,521,67,4238,9533,2017,4,28,금
2017-04-29,O,맑음,13782,483.0,2133,150,625,21481,2017,4,29,토
2017-04-30,O,구름 조금,17158,488.0,2469,410,230,26596,2017,4,30,일
2017-05-01,X,맑음,14566,2177.0,1370,359,2012,23136,2017,5,1,월
2017-05-02,X,맑음,4233,2547.0,4548,49,6650,13938,2017,5,2,화
2017-05-03,O,맑음,19887,1086.0,3455,153,354,30998,2017,5,3,수
2017-05-04,X,구름 많음,12233,870.0,2776,143,54,25285,2017,5,4,목
2017-05-05,O,구름 조금,25824,1222.0,0,616,170,46264,2017,5,5,금
2017-05-06,O,맑음,6183,411.0,965,434,102,9915,2017,5,6,토
2017-05-07,O,맑음,4818,318.0,588,269,41,7630,2017,5,7,일
2017-05-08,X,구름 많음,1396,1308.0,86,58,1379,3876,2017,5,8,월
2017-05-09,X,흐림,2216,223.0,248,56,0,3997,2017,5,9,화
2017-05-10,X,구름 많음,1556,612.0,79,22,1520,4585,2017,5,10,수
2017-05-11,X,구름 많음,1612,829.0,412,42,2595,5814,2017,5,11,목
2017-05-12,X,구름 많음,5050,6205.0,5363,58,16276,18841,2017,5,12,금
2017-05-13,O,눈/비,4416,163.0,604,49,405,7908,2017,5,13,토
2017-05-14,O,맑음,22675,467.0,2045,288,6666,31381,2017,5,14,일
2017-05-15,X,구름 많음,2135,1639.0,180,42,2437,6424,2017,5,15,월
2017-05-16,X,구름 많음,2016,176.0,430,59,1868,6234,2017,5,16,화
2017-05-17,X,구름 조금,2006,82.0,631,47,1998,6530,2017,5,17,수
2017-05-18,X,맑음,2197,1058.0,514,70,3607,8462,2017,5,18,목
2017-05-19,X,맑음,3016,3227.0,798,77,6145,12305,2017,5,19,금
2017-05-20,O,구름 조금,15055,399.0,1767,147,908,22972,2017,5,20,토
2017-05-21,O,맑음,16674,363.0,1944,284,307,24708,2017,5,21,일
2017-05-22,X,구름 조금,2440,5.0,124,47,527,4876,2017,5,22,월
2017-05-23,X,흐림,1756,206.0,279,44,1247,5384,2017,5,23,화
2017-05-24,X,구름 조금,2620,546.0,348,75,1522,6338,2017,5,24,수
2017-05-25,X,구름 많음,3001,167.0,318,78,1600,7842,2017,5,25,목
2017-05-26,X,맑음,4456,1900.0,513,109,4286,12687,2017,5,26,금
2017-05-27,O,맑음,23575,549.0,2478,398,1314,33795,2017,5,27,토
2017-05-28,O,맑음,25346,675.0,2585,519,4532,39195,2017,5,28,일
2017-05-29,X,맑음,3966,40.0,123,232,364,7267,2017,5,29,월
2017-05-30,X,구름 많음,4370,344.0,123,68,1444,8825,2017,5,30,화
2017-05-31,X,흐림,3145,418.0,72,199,885,6836,2017,5,31,수
2017-06-01,X,눈/비,3094,171.0,1586,92,2456,9190,2017,6,1,목
2017-06-02,X,구름 조금,4519,1968.0,352,140,3149,10915,2017,6,2,금
2017-06-03,O,맑음,20989,533.0,1921,310,472,33239,2017,6,3,토
2017-06-04,O,맑음,22617,699.0,2499,469,61,36290,2017,6,4,일
2017-06-05,X,구름 조금,11391,1663.0,1223,161,4173,18592,2017,6,5,월
2017-06-06,O,흐림,12888,582.0,1820,154,295,22602,2017,6,6,화
2017-06-07,X,흐림,623,344.0,11,28,393,1871,2017,6,7,수
2017-06-08,X,맑음,2597,17345.0,150,146,18420,23381,2017,6,8,목
2017-06-09,X,구름 많음,9728,963.0,2356,136,11161,15512,2017,6,9,금
2017-06-10,O,구름 많음,14602,378.0,1564,296,1493,21501,2017,6,10,토
2017-06-11,O,맑음,15379,331.0,1638,297,152,23498,2017,6,11,일
2017-06-12,X,구름 많음,1675,104.0,90,103,264,3589,2017,6,12,월
2017-06-13,X,눈/비,1347,10.0,47,84,678,3915,2017,6,13,화
2017-06-14,X,맑음,1235,320.0,98,64,1060,4146,2017,6,14,수
2017-06-15,X,맑음,3337,25.0,1348,83,4242,6991,2017,6,15,목
2017-06-16,X,구름 많음,1254,116.0,44,68,676,3307,2017,6,16,금
2017-06-17,O,맑음,6042,183.0,867,149,351,10224,2017,6,17,토
2017-06-18,O,구름 조금,5524,111.0,634,218,185,8647,2017,6,18,일
2017-06-19,X,구름 조금,961,33.0,69,29,96,2163,2017,6,19,월
2017-06-20,X,구름 많음,838,19.0,82,59,459,2530,2017,6,20,화
2017-06-21,X,구름 조금,799,37.0,82,54,246,2201,2017,6,21,수
2017-06-22,X,구름 조금,898,10705.0,47,85,10925,12935,2017,6,22,목
2017-06-23,X,구름 조금,836,16.0,54,71,275,2122,2017,6,23,금
2017-06-24,O,구름 많음,3640,83.0,492,125,63,6202,2017,6,24,토
2017-06-25,O,흐림,3786,63.0,460,145,56,6163,2017,6,25,일
2017-06-26,X,눈/비,572,6.0,31,24,0,1272,2017,6,26,월
2017-06-27,X,구름 많음,878,10.0,51,51,187,2243,2017,6,27,화
2017-06-28,X,구름 많음,807,16.0,39,70,132,2113,2017,6,28,수
2017-06-29,X,구름 많음,846,14.0,44,61,235,2120,2017,6,29,목
2017-06-30,X,구름 많음,840,26.0,136,72,316,2103,2017,6,30,금
2017-07-01,O,흐림,5112,85.0,531,113,60,7808,2017,7,1,토
2017-07-02,O,눈/비,649,12.0,64,63,0,1443,2017,7,2,일
2017-07-03,X,눈/비,289,4.0,20,15,0,807,2017,7,3,월
2017-07-04,X,구름 많음,559,27.0,305,74,362,1715,2017,7,4,화
2017-07-05,X,구름 많음,495,62.0,43,59,60,1349,2017,7,5,수
2017-07-06,X,구름 많음,425,167.0,19,58,141,1251,2017,7,6,목
2017-07-07,X,눈/비,275,8.0,47,21,30,870,2017,7,7,금
2017-07-08,O,흐림,832,25.0,98,77,30,1700,2017,7,8,토
2017-07-09,O,눈/비,1903,76.0,239,151,0,3440,2017,7,9,일
2017-07-10,X,눈/비,69,2.0,2,12,0,338,2017,7,10,월
2017-07-11,X,눈/비,473,46.0,72,51,91,1480,2017,7,11,화
2017-07-12,X,구름 조금,487,315.0,57,44,279,1597,2017,7,12,수
2017-07-13,X,구름 조금,466,27.0,43,57,0,1176,2017,7,13,목
2017-07-14,X,구름 많음,486,117.0,51,74,218,1349,2017,7,14,금
2017-07-15,O,눈/비,857,63.0,87,88,72,1935,2017,7,15,토
2017-07-16,O,흐림,2857,84.0,313,78,0,4589,2017,7,16,일
2017-07-17,X,눈/비,503,21.0,43,11,31,1188,2017,7,17,월
2017-07-18,X,구름 많음,586,50.0,56,68,74,1458,2017,7,18,화
2017-07-19,X,구름 많음,465,21.0,51,42,0,1180,2017,7,19,수
2017-07-20,X,구름 많음,333,30.0,32,81,0,931,2017,7,20,목
2017-07-21,X,구름 많음,370,191.0,34,62,177,1076,2017,7,21,금
2017-07-22,O,흐림,1238,53.0,146,154,33,2501,2017,7,22,토
2017-07-23,O,눈/비,319,12.0,26,20,36,696,2017,7,23,일
2017-07-24,X,눈/비,242,33.0,29,57,0,696,2017,7,24,월
2017-07-25,X,흐림,507,49.0,46,54,44,1318,2017,7,25,화
2017-07-26,X,구름 조금,540,83.0,78,100,0,1267,2017,7,26,수
2017-07-27,X,구름 많음,7696,121.0,2342,93,9074,10889,2017,7,27,목
2017-07-28,X,눈/비,332,11.0,60,47,0,772,2017,7,28,금
2017-07-29,O,흐림,3756,131.0,473,69,111,5834,2017,7,29,토
2017-07-30,O,흐림,3828,185.0,413,286,70,5761,2017,7,30,일
2017-07-31,X,눈/비,996,31.0,382,55,0,1771,2017,7,31,월
2017-08-01,X,구름 많음,2123,118.0,321,177,30,3932,2017,8,1,화
2017-08-02,X,눈/비,1069,92.0,159,57,0,1976,2017,8,2,수
2017-08-03,X,구름 조금,1053,82.0,166,181,0,1923,2017,8,3,목
2017-08-04,X,구름 조금,1298,126.0,214,52,46,2164,2017,8,4,금
2017-08-05,O,구름 많음,1602,83.0,194,135,30,2745,2017,8,5,토
2017-08-06,O,눈/비,1250,87.0,169,105,0,2350,2017,8,6,일
2017-08-07,X,눈/비,565,56.0,104,62,0,1236,2017,8,7,월
2017-08-08,X,구름 많음,659,72.0,136,117,0,1504,2017,8,8,화
2017-08-09,X,구름 많음,721,120.0,150,89,0,1601,2017,8,9,수
2017-08-10,X,눈/비,350,61.0,70,53,31,943,2017,8,10,목
2017-08-11,X,구름 많음,959,74.0,201,41,104,1903,2017,8,11,금
2017-08-12,O,구름 조금,4082,118.0,549,92,39,6396,2017,8,12,토
2017-08-13,O,구름 많음,6680,227.0,884,345,45,10371,2017,8,13,일
2017-08-14,X,흐림,827,47.0,259,105,44,1847,2017,8,14,월
2017-08-15,O,눈/비,329,24.0,56,15,0,831,2017,8,15,화
2017-08-16,X,흐림,1039,33.0,232,46,0,2011,2017,8,16,수
2017-08-17,X,눈/비,814,25.0,172,67,0,1883,2017,8,17,목
2017-08-18,X,눈/비,1390,39.0,272,86,46,2773,2017,8,18,금
2017-08-19,O,흐림,6850,170.0,940,168,69,10675,2017,8,19,토
2017-08-20,O,눈/비,811,27.0,110,51,0,1453,2017,8,20,일
2017-08-21,X,눈/비,540,3111.0,112,52,3152,4392,2017,8,21,월
2017-08-22,X,구름 많음,1196,25.0,213,78,0,2413,2017,8,22,화
2017-08-23,X,눈/비,289,7.0,49,24,0,724,2017,8,23,수
2017-08-24,X,눈/비,134,6.0,22,23,0,572,2017,8,24,목
2017-08-25,X,구름 조금,1169,74.0,108,33,30,2284,2017,8,25,금
2017-08-26,O,구름 조금,9721,179.0,1183,139,75,14474,2017,8,26,토
2017-08-27,O,흐림,11289,231.0,1424,194,34,16798,2017,8,27,일
2017-08-28,X,눈/비,697,9.0,54,36,0,1469,2017,8,28,월
2017-08-29,X,구름 많음,1916,14.0,86,60,96,3436,2017,8,29,화
2017-08-30,X,구름 많음,1603,28.0,46,16,74,2860,2017,8,30,수
2017-08-31,X,맑음,1722,75.0,75,40,198,3217,2017,8,31,목
2017-09-01,X,구름 조금,1794,178.0,167,43,137,3429,2017,9,1,금
2017-09-02,O,맑음,15241,238.0,1896,127,34,23313,2017,9,2,토
2017-09-03,O,구름 조금,15418,260.0,1873,180,60,23991,2017,9,3,일
2017-09-04,X,구름 조금,1641,22.0,77,127,35,2911,2017,9,4,월
2017-09-05,X,흐림,884,20.0,104,70,189,2184,2017,9,5,화
2017-09-06,X,흐림,369,490.0,18,14,535,1803,2017,9,6,수
2017-09-07,X,구름 많음,1946,14.0,557,53,640,4453,2017,9,7,목
2017-09-08,X,맑음,1440,930.0,267,13,1521,4176,2017,9,8,금
2017-09-09,O,구름 조금,10366,208.0,1460,126,296,17303,2017,9,9,토
2017-09-10,O,흐림,10648,211.0,1535,211,46,16529,2017,9,10,일
2017-09-11,X,흐림,7259,158.0,2870,27,9598,10956,2017,9,11,월
2017-09-12,X,맑음,1429,470.0,33,43,876,3800,2017,9,12,화
2017-09-13,X,맑음,1652,68.0,47,20,573,3875,2017,9,13,수
2017-09-14,X,맑음,1420,23.0,86,29,322,3009,2017,9,14,목
2017-09-15,X,구름 많음,1923,902.0,147,30,1912,5715,2017,9,15,금
2017-09-16,O,구름 많음,13696,308.0,2126,153,426,20881,2017,9,16,토
2017-09-17,O,구름 조금,14355,189.0,1909,221,36,21699,2017,9,17,일
2017-09-18,X,구름 조금,1999,24.0,306,17,420,4196,2017,9,18,월
2017-09-19,X,눈/비,579,3.0,174,32,593,2313,2017,9,19,화
2017-09-20,X,맑음,1564,2133.0,414,19,2802,6149,2017,9,20,수
2017-09-21,X,맑음,1603,19.0,298,44,1107,4800,2017,9,21,목
2017-09-22,X,구름 조금,1815,1175.0,334,53,3438,7283,2017,9,22,금
2017-09-23,O,구름 조금,9117,209.0,2043,92,4272,17515,2017,9,23,토
2017-09-24,O,구름 조금,8989,215.0,1359,127,725,14520,2017,9,24,일
2017-09-25,X,구름 조금,1223,18.0,189,13,162,2522,2017,9,25,월
2017-09-26,X,구름 많음,1029,83.0,401,32,992,3580,2017,9,26,화
2017-09-27,X,463,553,172.0,590,14,976,2494,2017,9,27,수
2017-09-28,X,463,1332,71.0,686,6,1196,4031,2017,9,28,목
2017-09-29,X,463,1278,1624.0,1858,57,3501,6538,2017,9,29,금
2017-09-30,O,463,8387,316.0,1132,64,103,12712,2017,9,30,토
2017-10-01,O,463,3543,144.0,618,107,0,6413,2017,10,1,일
2017-10-02,X,463,14218,355.0,1870,186,0,21387,2017,10,2,월
2017-10-03,O,463,10949,360.0,1461,438,0,16489,2017,10,3,화
2017-10-04,O,463,13288,496.0,1548,1174,0,19220,2017,10,4,수
2017-10-05,O,463,21322,680.0,2912,701,0,32576,2017,10,5,목
2017-10-06,O,463,12842,389.0,1904,359,0,20948,2017,10,6,금
2017-10-07,O,463,19513,663.0,2842,359,0,32091,2017,10,7,토
2017-10-08,O,구름 많음,18372,553.0,2767,218,83,29251,2017,10,8,일
2017-10-09,O,구름 조금,13211,479.0,1829,71,359,21174,2017,10,9,월
2017-10-10,X,흐림,806,8.0,200,13,203,2304,2017,10,10,화
2017-10-11,X,구름 많음,305,573.0,421,19,1147,2107,2017,10,11,수
2017-10-12,X,흐림,734,637.0,614,111,1882,3902,2017,10,12,목
2017-10-13,X,맑음,1401,1243.0,400,40,2619,6403,2017,10,13,금
2017-10-14,O,구름 조금,10745,358.0,1625,129,1633,16985,2017,10,14,토
2017-10-15,O,구름 조금,12955,298.0,1756,43,213,19657,2017,10,15,일
2017-10-16,X,구름 많음,4199,14.0,593,48,3917,6706,2017,10,16,월
2017-10-17,X,구름 조금,2399,463.0,1560,47,9928,14032,2017,10,17,화
2017-10-18,X,흐림,1317,353.0,772,47,1556,5007,2017,10,18,수
2017-10-19,X,구름 조금,1959,448.0,464,48,1926,5915,2017,10,19,목
2017-10-20,X,맑음,3082,2531.0,417,46,5156,10375,2017,10,20,금
2017-10-21,O,맑음,14199,335.0,2062,176,1792,22658,2017,10,21,토
2017-10-22,O,구름 많음,17176,663.0,3131,129,3709,25073,2017,10,22,일
2017-10-23,X,구름 조금,2042,53.0,278,17,954,4545,2017,10,23,월
2017-10-24,X,구름 조금,11388,3413.0,2017,36,15364,19454,2017,10,24,화
2017-10-25,X,맑음,1745,164.0,451,70,898,4625,2017,10,25,수
2017-10-26,X,구름 많음,1624,525.0,438,37,1388,5123,2017,10,26,목
2017-10-27,X,맑음,2734,1901.0,504,76,3594,8431,2017,10,27,금
2017-10-28,O,맑음,16172,658.0,2588,158,5114,26879,2017,10,28,토
2017-10-29,O,맑음,12844,440.0,1766,208,285,19514,2017,10,29,일
2017-10-30,X,맑음,1210,592.0,184,43,686,3338,2017,10,30,월
2017-10-31,X,구름 조금,1332,117.0,2624,57,2724,5768,2017,10,31,화
2017-11-01,X,구름 많음,1546,100.0,136,61,298,3363,2017,11,1,수
2017-11-02,X,눈/비,1046,85.0,39,68,294,2669,2017,11,2,목
2017-11-03,X,구름 조금,1776,252.0,262,52,1009,3156,2017,11,3,금
2017-11-04,O,맑음,7476,226.0,963,91,216,12087,2017,11,4,토
2017-11-05,O,구름 많음,8543,220.0,1263,104,69,12762,2017,11,5,일
2017-11-06,X,구름 많음,1504,13.0,63,44,68,3340,2017,11,6,월
2017-11-07,X,구름 많음,1319,397.0,141,53,846,3494,2017,11,7,화
2017-11-08,X,맑음,1010,245.0,17,50,424,2653,2017,11,8,수
2017-11-09,X,맑음,1274,10.0,144,29,301,3089,2017,11,9,목
2017-11-10,X,눈/비,941,88.0,77,36,695,2353,2017,11,10,금
2017-11-11,O,맑음,5225,191.0,675,68,1026,8008,2017,11,11,토
2017-11-12,O,구름 조금,6232,175.0,721,32,520,9312,2017,11,12,일
2017-11-13,X,흐림,561,13.0,32,7,35,1611,2017,11,13,월
2017-11-14,X,구름 조금,758,1.0,94,25,256,2003,2017,11,14,화
2017-11-15,X,구름 조금,437,32.0,16,27,169,1404,2017,11,15,수
2017-11-16,X,구름 조금,372,72.0,32,30,0,1245,2017,11,16,목
2017-11-17,X,눈/비,271,409.0,12,29,471,1388,2017,11,17,금
2017-11-18,O,맑음,1374,85.0,178,57,352,2759,2017,11,18,토
2017-11-19,O,맑음,950,51.0,81,59,30,1918,2017,11,19,일
2017-11-20,X,구름 많음,232,20.0,8,26,0,857,2017,11,20,월
2017-11-21,X,맑음,238,407.0,64,14,430,1581,2017,11,21,화
2017-11-22,X,맑음,315,42.0,98,30,165,1041,2017,11,22,수
2017-11-23,X,흐림,806,31.0,478,24,1101,1927,2017,11,23,목
2017-11-24,X,구름 많음,175,21.0,7,13,0,747,2017,11,24,금
2017-11-25,O,눈/비,428,9.0,31,12,157,1384,2017,11,25,토
2017-11-26,O,구름 조금,1368,56.0,176,56,0,2487,2017,11,26,일
2017-11-27,X,463,313,12.0,17,2,46,1072,2017,11,27,월
2017-11-28,X,463,267,14.0,21,48,0,1139,2017,11,28,화
2017-11-29,X,463,163,18.0,10,18,0,795,2017,11,29,수
2017-11-30,X,맑음,158,10472.0,8,20,42,11318,2017,11,30,목
2017-12-01,X,구름 많음,170,33.0,10,21,0,718,2017,12,1,금
2017-12-02,O,구름 많음,1010,45.0,78,18,0,2168,2017,12,2,토
2017-12-03,O,흐림,986,33.0,101,21,0,1991,2017,12,3,일
2017-12-04,X,구름 조금,136,17.0,8,11,0,719,2017,12,4,월
2017-12-05,X,흐림,164,1.0,4,5,71,630,2017,12,5,화
2017-12-06,X,흐림,97,10.0,2,15,0,721,2017,12,6,수
2017-12-07,X,구름 조금,144,50.0,5,13,33,911,2017,12,7,목
2017-12-08,X,맑음,128,17.0,4,15,0,643,2017,12,8,금
2017-12-09,O,구름 많음,678,30.0,68,20,32,1792,2017,12,9,토
2017-12-10,O,눈/비,356,24.0,39,12,0,1024,2017,12,10,일
2017-12-11,X,463,56,2.0,13,12,0,479,2017,12,11,월
2017-12-12,X,맑음,45,37.0,3,4,33,324,2017,12,12,화
2017-12-13,X,맑음,75,11.0,0,20,0,462,2017,12,13,수
2017-12-14,X,구름 많음,59,15.0,245,9,241,761,2017,12,14,목
2017-12-15,X,흐림,99,35.0,11,12,0,627,2017,12,15,금
2017-12-16,O,구름 조금,306,20.0,45,11,0,1206,2017,12,16,토
2017-12-17,O,구름 조금,379,20.0,43,28,38,996,2017,12,17,일
2017-12-18,X,구름 많음,89,13.0,1,2,0,420,2017,12,18,월
2017-12-19,X,맑음,61,102.0,2,22,90,657,2017,12,19,화
2017-12-20,O,눈/비,202,2035.0,272,1,2454,2985,2017,12,20,수
2017-12-21,X,맑음,103,18.0,11,12,0,653,2017,12,21,목
2017-12-22,X,구름 많음,186,11.0,12,3,1,804,2017,12,22,금
2017-12-23,O,흐림,771,66.0,75,41,43,1910,2017,12,23,토
2017-12-24,O,눈/비,114,14.0,16,7,0,403,2017,12,24,일
2017-12-25,O,맑음,1195,188.0,119,29,3,2028,2017,12,25,월
2017-12-26,X,맑음,178,7.0,15,24,0,772,2017,12,26,화
2017-12-27,X,맑음,112,10.0,7,9,0,488,2017,12,27,수
2017-12-28,X,흐림,174,6.0,17,15,0,778,2017,12,28,목
2017-12-29,X,구름 많음,273,30.0,42,39,0,853,2017,12,29,금
2017-12-30,O,눈/비,574,46.0,89,38,0,1520,2017,12,30,토
2017-12-31,O,맑음,1069,57.0,148,50,0,1868,2017,12,31,일
2018-01-01,O,맑음,1380,99.0,209,40,0,2316,2018,1,1,월
2018-01-02,X,구름 조금,344,15.0,44,22,119,988,2018,1,2,화
2018-01-03,X,구름 조금,153,22.0,17,4,0,694,2018,1,3,수
2018-01-04,X,흐림,134,9.0,22,14,1,671,2018,1,4,목
2018-01-05,X,구름 조금,146,12.0,31,8,0,758,2018,1,5,금
2018-01-06,O,맑음,836,32.0,100,25,0,1935,2018,1,6,토
2018-01-07,O,흐림,749,61.0,112,20,0,1881,2018,1,7,일
2018-01-08,X,흐림,150,13.0,30,13,0,634,2018,1,8,월
2018-01-09,X,구름 많음,94,6.0,15,13,0,523,2018,1,9,화
2018-01-10,X,구름 조금,56,7.0,7,6,0,382,2018,1,10,수
2018-01-11,X,맑음,34,8.0,1,0,0,312,2018,1,11,목
2018-01-12,X,맑음,45,5.0,2,15,0,228,2018,1,12,금
2018-01-13,O,맑음,297,18.0,35,3,0,1015,2018,1,13,토
2018-01-14,O,구름 많음,713,32.0,94,2,0,1654,2018,1,14,일
2018-01-15,X,구름 조금,172,31.0,22,14,0,645,2018,1,15,월
2018-01-16,X,눈/비,115,15.0,20,8,0,699,2018,1,16,화
2018-01-17,X,구름 조금,156,23.0,17,15,0,631,2018,1,17,수
2018-01-18,X,구름 많음,311,440.0,238,1,776,1503,2018,1,18,목
2018-01-19,X,맑음,257,28.0,49,17,0,918,2018,1,19,금
2018-01-20,O,구름 조금,941,72.0,125,3,30,2083,2018,1,20,토
2018-01-21,O,구름 많음,1015,61.0,158,18,0,2123,2018,1,21,일
2018-01-22,X,눈/비,210,34.0,67,6,0,852,2018,1,22,월
2018-01-23,X,맑음,48,9.0,10,7,0,363,2018,1,23,화
2018-01-24,X,맑음,16,1.0,1,0,0,128,2018,1,24,수
2018-01-25,X,맑음,23,0.0,0,1,0,162,2018,1,25,목
2018-01-26,X,맑음,31,13.0,6,0,0,222,2018,1,26,금
2018-01-27,O,구름 조금,202,30.0,15,11,0,655,2018,1,27,토
2018-01-28,O,구름 조금,371,31.0,55,15,0,962,2018,1,28,일
2018-01-29,X,맑음,74,7.0,6,6,0,409,2018,1,29,월
2018-01-30,X,구름 많음,92,9100.0,11,2,9097,9660,2018,1,30,화
2018-01-31,X,구름 많음,131,11.0,9,12,0,585,2018,1,31,수
2018-02-01,X,맑음,157,19.0,18,5,0,679,2018,2,1,목
2018-02-02,X,구름 많음,127,14.0,11,11,0,704,2018,2,2,금
2018-02-03,O,구름 조금,340,27.0,48,10,0,1049,2018,2,3,토
2018-02-04,O,맑음,238,15.0,28,1,1,790,2018,2,4,일
2018-02-05,X,맑음,59,5.0,2,14,0,348,2018,2,5,월
2018-02-06,X,구름 조금,55,2.0,3,13,0,369,2018,2,6,화
2018-02-07,X,구름 많음,58,14.0,6,4,0,418,2018,2,7,수
2018-02-08,X,맑음,131,25.0,21,2,1,724,2018,2,8,목
2018-02-09,X,463,141,18.0,13,3,0,657,2018,2,9,금
2018-02-10,O,463,756,40.0,111,17,0,1861,2018,2,10,토
2018-02-11,O,눈/비,446,29.0,69,6,4,1159,2018,2,11,일
2018-02-12,X,구름 많음,84,20.0,16,18,0,499,2018,2,12,월
2018-02-13,X,맑음,166,19.0,10,19,0,725,2018,2,13,화
2018-02-14,X,463,279,43.0,32,19,0,810,2018,2,14,수
2018-02-15,O,구름 조금,1023,37.0,133,64,0,1765,2018,2,15,목
2018-02-16,O,맑음,2013,71.0,247,246,0,3007,2018,2,16,금
2018-02-17,O,맑음,2229,101.0,287,71,0,3590,2018,2,17,토
2018-02-18,O,구름 많음,1822,70.0,219,88,0,3370,2018,2,18,일
2018-02-19,X,구름 많음,620,51.0,96,29,0,1558,2018,2,19,월
2018-02-20,X,구름 조금,420,60.0,81,6,0,1243,2018,2,20,화
2018-02-21,X,구름 조금,362,41.0,62,3,0,1169,2018,2,21,수
2018-02-22,X,구름 많음,424,58.0,80,17,0,1348,2018,2,22,목
2018-02-23,X,구름 조금,352,53.0,85,9,0,1079,2018,2,23,금
2018-02-24,O,구름 많음,1810,65.0,250,33,36,3362,2018,2,24,토
2018-02-25,O,맑음,3856,123.0,538,34,0,6139,2018,2,25,일
2018-02-26,X,구름 조금,1081,97.0,239,17,0,2252,2018,2,26,월
2018-02-27,X,흐림,543,89.0,137,11,0,1517,2018,2,27,화
2018-02-28,X,눈/비,123,8.0,37,6,0,626,2018,2,28,수
2018-03-01,O,맑음,1948,112.0,260,24,75,3290,2018,3,1,목
2018-03-02,X,맑음,649,8.0,55,25,0,1500,2018,3,2,금
2018-03-03,O,구름 많음,9307,224.0,1180,58,30,14540,2018,3,3,토
2018-03-04,O,흐림,1926,78.0,264,52,0,3619,2018,3,4,일
2018-03-05,X,구름 조금,536,2.0,8,2,0,1049,2018,3,5,월
2018-03-06,X,구름 조금,722,5.0,12,27,0,1751,2018,3,6,화
2018-03-07,X,구름 많음,564,4.0,15,20,0,1434,2018,3,7,수
2018-03-08,X,흐림,135,2.0,2,8,0,604,2018,3,8,목
2018-03-09,X,구름 조금,472,5.0,18,31,30,1366,2018,3,9,금
2018-03-10,O,구름 조금,6454,137.0,922,79,0,10723,2018,3,10,토
2018-03-11,O,구름 조금,9619,231.0,1385,13,0,14512,2018,3,11,일
2018-03-12,X,맑음,805,4.0,9,32,0,1555,2018,3,12,월
2018-03-13,X,구름 조금,845,5.0,39,39,34,1819,2018,3,13,화
2018-03-14,X,구름 조금,1775,43.0,54,22,30,3032,2018,3,14,수
2018-03-15,X,눈/비,76,0.0,6,3,0,390,2018,3,15,목
2018-03-16,X,맑음,1073,13.0,32,42,0,2101,2018,3,16,금
2018-03-17,O,구름 많음,14635,256.0,2153,44,87,21711,2018,3,17,토
2018-03-18,O,흐림,6882,192.0,1182,67,0,11340,2018,3,18,일
2018-03-19,X,구름 조금,282,1.0,12,9,0,785,2018,3,19,월
2018-03-20,X,구름 많음,346,9.0,22,30,0,1228,2018,3,20,화
2018-03-21,X,눈/비,353,828.0,492,4,0,2184,2018,3,21,수
2018-03-22,X,맑음,580,13.0,10,44,41,1559,2018,3,22,목
2018-03-23,X,구름 조금,901,49.0,52,18,68,1922,2018,3,23,금
2018-03-24,O,구름 조금,5428,174.0,762,59,94,8418,2018,3,24,토
2018-03-25,O,맑음,4723,216.0,637,114,0,7334,2018,3,25,일
2018-03-26,X,맑음,576,15.0,30,26,0,1227,2018,3,26,월
2018-03-27,X,구름 조금,497,21.0,42,26,0,1297,2018,3,27,화
2018-03-28,X,구름 조금,838,82.0,44,18,69,1830,2018,3,28,수
2018-03-29,X,구름 조금,671,18.0,36,41,69,1588,2018,3,29,목
2018-03-30,X,맑음,1685,621.0,89,60,618,3670,2018,3,30,금
2018-03-31,O,구름 조금,15235,257.0,2402,101,298,24609,2018,3,31,토
2018-04-01,O,흐림,9247,197.0,1455,156,36,15121,2018,4,1,일
2018-04-02,X,463,1697,13.0,108,12,30,2785,2018,4,2,월
2018-04-03,X,463,1861,103.0,176,67,271,3689,2018,4,3,화
2018-04-04,X,463,1453,47.0,85,32,0,2575,2018,4,4,수
2018-04-05,X,463,145,408.0,6,7,394,992,2018,4,5,목
2018-04-06,X,구름 많음,1189,1549.0,195,31,1752,3920,2018,4,6,금
2018-04-07,O,구름 많음,8279,223.0,967,88,181,12741,2018,4,7,토
2018-04-08,O,흐림,7953,220.0,1168,139,0,12683,2018,4,8,일
2018-04-09,X,구름 조금,2904,760.0,180,50,943,5775,2018,4,9,월
2018-04-10,X,구름 많음,3045,531.0,150,66,1184,7236,2018,4,10,화
2018-04-11,X,맑음,1887,288.0,54,68,385,4184,2018,4,11,수
2018-04-12,X,맑음,3094,539.0,392,26,1460,7264,2018,4,12,목
2018-04-13,X,구름 많음,4035,1119.0,226,49,1743,8694,2018,4,13,금
2018-04-14,O,흐림,944,24.0,107,16,40,2097,2018,4,14,토
2018-04-15,O,구름 조금,14214,318.0,2110,145,30,21355,2018,4,15,일
2018-04-16,X,구름 조금,3110,21.0,168,31,376,5480,2018,4,16,월
2018-04-17,X,맑음,2173,32.0,325,26,844,5164,2018,4,17,화
2018-04-18,X,맑음,2083,89.0,654,61,1329,5634,2018,4,18,수
2018-04-19,X,맑음,2150,117.0,188,21,1053,5069,2018,4,19,목
2018-04-20,X,맑음,2759,100.0,600,43,1273,5353,2018,4,20,금
2018-04-21,O,구름 조금,18559,329.0,2714,200,1076,32610,2018,4,21,토
2018-04-22,O,눈/비,5156,56.0,720,81,974,7680,2018,4,22,일
2018-04-23,X,눈/비,55,2.0,4,0,0,288,2018,4,23,월
2018-04-24,X,구름 많음,1122,25.0,538,44,1538,4340,2018,4,24,화
2018-04-25,X,맑음,2831,545.0,948,70,3560,8633,2018,4,25,수
2018-04-26,X,구름 조금,3347,6138.0,1289,76,10674,15833,2018,4,26,목
2018-04-27,X,맑음,9107,404.0,718,26,9758,14350,2018,4,27,금
2018-04-28,O,맑음,14736,313.0,2172,43,858,22964,2018,4,28,토
2018-04-29,O,구름 조금,19172,313.0,2970,229,681,29774,2018,4,29,일
2018-04-30,X,구름 조금,3387,158.0,490,37,1485,15101,2018,4,30,월
2018-05-01,X,흐림,13436,1974.0,1207,194,2092,22284,2018,5,1,화
2018-05-02,X,눈/비,227,338.0,132,14,449,1349,2018,5,2,수
2018-05-03,X,흐림,1251,1148.0,4091,24,6124,9103,2018,5,3,목
2018-05-04,X,맑음,3297,4471.0,604,47,5642,11398,2018,5,4,금
2018-05-05,O,맑음,28592,899.0,30,208,65,52310,2018,5,5,토
2018-05-06,O,눈/비,2109,162.0,353,65,125,3344,2018,5,6,일
2018-05-07,O,구름 많음,20266,900.0,3473,182,30,32821,2018,5,7,월
2018-05-08,X,463,2370,895.0,335,17,1051,5728,2018,5,8,화
2018-05-09,X,463,2360,160.0,418,34,1677,5892,2018,5,9,수
2018-05-10,X,463,2028,433.0,677,35,2421,6762,2018,5,10,목
2018-05-11,X,구름 많음,2408,2943.0,699,1,5003,9835,2018,5,11,금
2018-05-12,O,눈/비,739,11.0,51,32,269,1345,2018,5,12,토
2018-05-13,O,구름 조금,14802,484.0,2079,209,503,23131,2018,5,13,일
2018-05-14,X,맑음,1755,219.0,179,24,905,4102,2018,5,14,월
2018-05-15,X,구름 많음,1494,829.0,153,28,1526,4825,2018,5,15,화
2018-05-16,X,눈/비,107,37.0,78,7,373,896,2018,5,16,수
2018-05-17,X,눈/비,211,583.0,36,7,752,1309,2018,5,17,목
2018-05-18,X,흐림,813,3092.0,347,19,3607,5492,2018,5,18,금
2018-05-19,O,맑음,20837,380.0,2830,110,396,33655,2018,5,19,토
2018-05-20,O,구름 많음,19838,555.0,3186,341,378,30449,2018,5,20,일
2018-05-21,X,구름 조금,10464,677.0,2262,65,735,19298,2018,5,21,월
2018-05-22,O,흐림,17400,600.0,3239,92,652,28495,2018,5,22,화
2018-05-23,X,맑음,2446,97.0,259,59,1417,6302,2018,5,23,수
2018-05-24,X,맑음,2224,426.0,56,123,1370,6387,2018,5,24,목
2018-05-25,X,구름 많음,2893,1923.0,304,92,2676,8457,2018,5,25,금
2018-05-26,O,맑음,18389,582.0,1876,201,1664,27705,2018,5,26,토
2018-05-27,O,구름 많음,21527,555.0,2257,373,324,32244,2018,5,27,일
2018-05-28,X,구름 조금,11939,10369.0,1604,180,10733,27205,2018,5,28,월
2018-05-29,X,구름 많음,3490,18.0,129,33,1690,8741,2018,5,29,화
2018-05-30,X,구름 많음,3939,134.0,56,79,742,7303,2018,5,30,수
2018-05-31,X,맑음,4562,468.0,104,117,1609,26276,2018,5,31,목
2018-06-01,X,맑음,4046,1997.0,214,106,3118,9969,2018,6,1,금
2018-06-02,O,맑음,18090,368.0,1767,208,431,26341,2018,6,2,토
2018-06-03,O,맑음,18092,384.0,1784,202,93,25808,2018,6,3,일
2018-06-04,X,구름 많음,3079,44.0,109,138,283,5922,2018,6,4,월
2018-06-05,X,구름 조금,3209,1276.0,193,111,2802,9027,2018,6,5,화
2018-06-06,O,맑음,19205,668.0,2236,261,338,29944,2018,6,6,수
2018-06-07,X,구름 조금,2504,512.0,86,56,1315,6171,2018,6,7,목
2018-06-08,X,구름 조금,2902,254.0,159,120,1173,7157,2018,6,8,금
2018-06-09,O,흐림,11826,373.0,1166,116,355,18036,2018,6,9,토
2018-06-10,O,흐림,13255,217.0,1554,171,89,19328,2018,6,10,일
2018-06-11,X,구름 많음,1669,68.0,91,39,449,3626,2018,6,11,월
2018-06-12,X,구름 조금,1920,841.0,236,42,1548,5547,2018,6,12,화
2018-06-13,O,구름 많음,11569,282.0,1466,205,0,17997,2018,6,13,수
2018-06-14,X,눈/비,911,13.0,38,33,62,1766,2018,6,14,목
2018-06-15,X,구름 조금,1710,424.0,177,38,1053,4362,2018,6,15,금
2018-06-16,O,구름 조금,10154,181.0,1220,38,70,15207,2018,6,16,토
2018-06-17,O,구름 많음,7963,162.0,1056,130,30,12254,2018,6,17,일
2018-06-18,X,맑음,1085,20.0,61,23,192,2432,2018,6,18,월
2018-06-19,X,구름 많음,1078,20.0,1012,60,1222,3781,2018,6,19,화
2018-06-20,X,구름 조금,1297,98.0,119,56,753,3212,2018,6,20,수
2018-06-21,X,맑음,1173,21.0,31,25,455,2893,2018,6,21,목
2018-06-22,X,구름 조금,1950,11576.0,896,49,13462,16022,2018,6,22,금
2018-06-23,O,구름 많음,5704,82.0,624,99,61,8845,2018,6,23,토
2018-06-24,O,맑음,4335,76.0,495,193,30,6553,2018,6,24,일
2018-06-25,X,구름 많음,1116,20.0,44,94,170,2284,2018,6,25,월
2018-06-26,X,눈/비,11753,769.0,1038,5,12927,13766,2018,6,26,화
2018-06-27,X,구름 많음,872,15.0,57,38,72,1986,2018,6,27,수
2018-06-28,X,구름 많음,703,14.0,47,20,254,1969,2018,6,28,목
2018-06-29,X,구름 많음,1013,5884.0,175,30,6067,8100,2018,6,29,금
2018-06-30,O,눈/비,1709,61.0,228,41,30,3604,2018,6,30,토
2018-07-01,O,눈/비,98,2.0,14,4,0,411,2018,7,1,일
2018-07-02,X,눈/비,101,1.0,3,15,0,334,2018,7,2,월
2018-07-03,X,구름 많음,747,32.0,47,35,73,1777,2018,7,3,화
2018-07-04,X,구름 많음,620,24.0,35,47,36,1568,2018,7,4,수
2018-07-05,X,눈/비,494,35.0,27,53,0,1283,2018,7,5,목
2018-07-06,X,구름 많음,1072,58.0,91,51,132,2418,2018,7,6,금
2018-07-07,O,구름 많음,7308,165.0,840,68,99,11179,2018,7,7,토
2018-07-08,O,흐림,8061,191.0,1057,106,35,12207,2018,7,8,일
2018-07-09,X,눈/비,164,5.0,14,21,0,574,2018,7,9,월
2018-07-10,X,흐림,659,66.0,47,32,63,1614,2018,7,10,화
2018-07-11,X,구름 많음,589,36.0,55,35,31,1407,2018,7,11,수
2018-07-12,X,구름 조금,1138,38.0,489,42,925,2517,2018,7,12,목
2018-07-13,X,구름 많음,570,52.0,42,24,84,1356,2018,7,13,금
2018-07-14,O,구름 조금,2269,91.0,278,125,0,3918,2018,7,14,토
2018-07-15,O,구름 조금,1692,121.0,190,38,67,3031,2018,7,15,일
2018-07-16,X,맑음,330,7.0,27,42,0,852,2018,7,16,월
2018-07-17,X,맑음,309,226.0,30,40,213,1139,2018,7,17,화
2018-07-18,X,맑음,10322,3296.0,527,43,10866,14697,2018,7,18,수
2018-07-19,X,맑음,275,42.0,29,58,0,899,2018,7,19,목
2018-07-20,X,맑음,237,100.0,38,25,63,756,2018,7,20,금
2018-07-21,O,맑음,660,27.0,60,40,32,1537,2018,7,21,토
2018-07-22,O,구름 조금,597,37.0,56,129,0,1228,2018,7,22,일
2018-07-23,X,463,226,463.0,37,14,0,605,2018,7,23,월
2018-07-24,X,463,168,56.0,23,26,33,516,2018,7,24,화
2018-07-25,X,463,187,59.0,22,12,30,651,2018,7,25,수
2018-07-26,X,463,257,41.0,42,21,0,712,2018,7,26,목
2018-07-27,X,구름 많음,220,1181.0,37,52,1157,1830,2018,7,27,금
2018-07-28,O,눈/비,602,21.0,80,63,70,1410,2018,7,28,토
2018-07-29,O,구름 조금,983,46.0,128,79,0,1620,2018,7,29,일
2018-07-30,X,구름 많음,478,46.0,57,15,0,937,2018,7,30,월
2018-07-31,X,구름 조금,399,45.0,63,58,0,1320,2018,7,31,화
2018-08-01,X,맑음,253,30.0,34,13,0,607,2018,8,1,수
2018-08-02,X,구름 조금,346,39.0,39,64,0,792,2018,8,2,목
2018-08-03,X,구름 조금,474,22.0,28,113,0,701,2018,8,3,금
2018-08-04,O,구름 조금,837,35.0,103,137,0,1558,2018,8,4,토
2018-08-05,O,구름 많음,930,38.0,120,27,0,1690,2018,8,5,일
2018-08-06,X,구름 많음,399,29.0,69,37,0,815,2018,8,6,월
2018-08-07,X,구름 많음,329,48.0,82,54,0,816,2018,8,7,화
2018-08-08,X,구름 많음,288,67.0,65,33,47,720,2018,8,8,수
2018-08-09,X,눈/비,329,61.0,286,15,258,1072,2018,8,9,목
2018-08-10,X,눈/비,315,51.0,66,37,0,725,2018,8,10,금
2018-08-11,O,구름 조금,1212,50.0,159,57,0,2070,2018,8,11,토
2018-08-12,O,구름 많음,2133,95.0,181,67,710,3107,2018,8,12,일
2018-08-13,X,구름 많음,385,34.0,113,32,30,865,2018,8,13,월
2018-08-14,X,구름 많음,283,264.0,52,5,33,943,2018,8,14,화
2018-08-15,O,구름 많음,1006,66.0,155,36,0,1790,2018,8,15,수
2018-08-16,X,구름 조금,292,17.0,74,13,0,755,2018,8,16,목
2018-08-17,X,맑음,668,379.0,102,19,361,1690,2018,8,17,금
2018-08-18,O,구름 조금,4947,110.0,618,86,31,7856,2018,8,18,토
2018-08-19,O,구름 많음,4939,109.0,565,131,0,7320,2018,8,19,일
2018-08-20,X,구름 많음,657,27.0,110,30,0,1315,2018,8,20,월
2018-08-21,X,구름 많음,537,23.0,93,29,0,1185,2018,8,21,화
2018-08-22,X,구름 조금,704,15.0,301,24,432,1501,2018,8,22,수
2018-08-23,X,눈/비,202,2.0,23,36,0,520,2018,8,23,목
2018-08-24,X,눈/비,212,11.0,34,23,0,480,2018,8,24,금
2018-08-25,O,구름 많음,6644,114.0,830,51,37,10258,2018,8,25,토
2018-08-26,O,눈/비,3161,64.0,458,83,0,5426,2018,8,26,일
2018-08-27,X,눈/비,218,5.0,15,22,0,549,2018,8,27,월
2018-08-28,X,눈/비,75,5.0,6,10,61,644,2018,8,28,화
2018-08-29,X,눈/비,3408,215.0,340,20,3713,4342,2018,8,29,수
2018-08-30,X,구름 많음,518,5.0,38,30,0,1066,2018,8,30,목
2018-08-31,X,구름 많음,1114,58.0,79,8,38,2373,2018,8,31,금
2018-09-01,O,구름 조금,8969,132.0,1205,86,31,15182,2018,9,1,토
2018-09-02,O,구름 많음,10619,177.0,1487,61,0,15541,2018,9,2,일
2018-09-03,X,눈/비,173,1.0,9,19,51,684,2018,9,3,월
2018-09-04,X,구름 조금,1013,16.0,93,21,151,2211,2018,9,4,화
2018-09-05,X,맑음,1308,360.0,48,45,352,2910,2018,9,5,수
2018-09-06,X,구름 많음,1143,10.0,68,27,140,2383,2018,9,6,목
2018-09-07,X,구름 조금,1469,537.0,62,45,825,3470,2018,9,7,금
2018-09-08,O,맑음,14447,190.0,2417,63,965,22103,2018,9,8,토
2018-09-09,O,구름 조금,14333,222.0,2198,150,44,23202,2018,9,9,일
2018-09-10,X,구름 조금,1567,450.0,216,29,662,3329,2018,9,10,월
2018-09-11,X,구름 많음,1443,19.0,174,29,536,3546,2018,9,11,화
2018-09-12,X,구름 조금,1315,5.0,350,24,500,3032,2018,9,12,수
2018-09-13,X,구름 많음,1366,9.0,45,42,321,3182,2018,9,13,목
2018-09-14,X,흐림,1189,108.0,183,49,793,3111,2018,9,14,금
2018-09-15,O,흐림,6047,156.0,881,18,995,10686,2018,9,15,토
2018-09-16,O,흐림,5751,156.0,831,41,121,9048,2018,9,16,일
2018-09-17,X,맑음,1593,11.0,63,38,69,3011,2018,9,17,월
2018-09-18,X,구름 많음,1299,12.0,428,44,654,3310,2018,9,18,화
2018-09-19,X,구름 많음,4747,329.0,770,32,5044,7333,2018,9,19,수
2018-09-20,X,흐림,449,1.0,725,8,1028,1696,2018,9,20,목
2018-09-21,X,흐림,296,12.0,19,6,30,741,2018,9,21,금
2018-09-22,O,맑음,9398,193.0,1194,120,0,14301,2018,9,22,토
2018-09-23,O,구름 많음,8765,201.0,1095,367,0,13065,2018,9,23,일
2018-09-24,O,맑음,13551,413.0,1601,15,32,19661,2018,9,24,월
2018-09-25,O,맑음,19727,475.0,2861,296,0,29558,2018,9,25,화
2018-09-26,O,구름 조금,13346,308.0,2009,109,38,21131,2018,9,26,수
2018-09-27,X,463,2444,429.0,490,35,731,5153,2018,9,27,목
2018-09-28,X,463,1901,158.0,1572,24,2060,5910,2018,9,28,금
2018-09-29,O,463,13378,199.0,2015,170,256,22289,2018,9,29,토
2018-09-30,O,463,12985,175.0,1898,83,306,19868,2018,9,30,일
2018-10-01,X,구름 많음,1364,20.0,134,21,593,3207,2018,10,1,월
2018-10-02,X,맑음,1680,138.0,210,27,1321,4863,2018,10,2,화
2018-10-03,O,맑음,17506,245.0,2908,164,138,27449,2018,10,3,수
2018-10-04,X,구름 조금,1614,17.0,229,31,883,4159,2018,10,4,목
2018-10-05,X,눈/비,273,444.0,218,6,914,1426,2018,10,5,금
2018-10-06,O,눈/비,800,24.0,89,14,55,1355,2018,10,6,토
2018-10-07,O,구름 조금,13477,301.0,2379,117,66,22060,2018,10,7,일
2018-10-08,X,구름 조금,5534,731.0,1649,53,1062,11611,2018,10,8,월
2018-10-09,O,구름 많음,16005,388.0,2989,30,320,27514,2018,10,9,화
2018-10-10,X,구름 조금,1021,542.0,189,6,1019,3384,2018,10,10,수
2018-10-11,X,구름 조금,1541,229.0,494,27,2031,5071,2018,10,11,목
2018-10-12,X,맑음,1819,2194.0,770,40,3996,8295,2018,10,12,금
2018-10-13,O,맑음,10338,209.0,1492,36,1106,16641,2018,10,13,토
2018-10-14,O,구름 많음,10960,237.0,1831,62,52,17762,2018,10,14,일
2018-10-15,X,맑음,3839,250.0,2016,37,4767,7580,2018,10,15,월
2018-10-16,X,구름 많음,1311,709.0,577,28,1588,4861,2018,10,16,화
2018-10-17,X,맑음,1687,222.0,845,53,1778,5903,2018,10,17,수
2018-10-18,X,눈/비,1799,123.0,764,23,1359,5146,2018,10,18,목
2018-10-19,X,463,4349,2925.0,992,14,4282,11385,2018,10,19,금
2018-10-20,O,463,14068,305.0,2285,76,2527,22515,2018,10,20,토
2018-10-21,O,463,13338,361.0,2162,139,118,21366,2018,10,21,일
2018-10-22,X,463,2041,128.0,96,65,331,4455,2018,10,22,월
2018-10-23,X,눈/비,733,214.0,403,2,692,2405,2018,10,23,화
2018-10-24,X,맑음,2077,32.0,584,26,1102,5240,2018,10,24,수
2018-10-25,X,구름 조금,2549,202.0,645,10,1475,6662,2018,10,25,목
2018-10-26,X,눈/비,10467,1122.0,2095,8,13007,14286,2018,10,26,금
2018-10-27,O,구름 많음,11443,402.0,3096,107,7691,21561,2018,10,27,토
2018-10-28,O,눈/비,3067,118.0,383,29,0,4916,2018,10,28,일
2018-10-29,X,구름 많음,1405,39.0,106,11,690,3342,2018,10,29,월
2018-10-30,X,구름 조금,1351,27.0,349,3,761,3786,2018,10,30,화
2018-10-31,X,맑음,1303,2282.0,214,48,1041,5730,2018,10,31,수
2018-11-01,X,맑음,1323,60.0,198,31,890,3923,2018,11,1,목
2018-11-02,X,맑음,2486,320.0,402,41,1250,5152,2018,11,2,금
2018-11-03,O,맑음,9817,231.0,1525,152,436,16626,2018,11,3,토
2018-11-04,O,구름 조금,10223,307.0,1595,79,195,15903,2018,11,4,일
2018-11-05,X,구름 조금,1267,12.0,63,18,30,2780,2018,11,5,월
2018-11-06,X,구름 많음,689,48.0,101,23,136,2108,2018,11,6,화
2018-11-07,X,흐림,495,3.0,60,6,226,1321,2018,11,7,수
2018-11-08,X,눈/비,106,140.0,3,4,205,576,2018,11,8,목
2018-11-09,X,구름 조금,916,525.0,286,32,880,2922,2018,11,9,금
2018-11-10,O,맑음,3376,132.0,545,87,288,6233,2018,11,10,토
2018-11-11,O,눈/비,3061,236.0,453,13,677,5204,2018,11,11,일
2018-11-12,X,맑음,981,15.0,133,27,86,2316,2018,11,12,월
2018-11-13,X,맑음,844,9.0,43,10,30,2244,2018,11,13,화
2018-11-14,X,맑음,859,75.0,36,14,50,2219,2018,11,14,수
2018-11-15,X,구름 많음,758,144.0,69,19,81,1911,2018,11,15,목
2018-11-16,X,구름 많음,674,44.0,32,11,151,1626,2018,11,16,금
2018-11-17,O,구름 많음,4052,117.0,553,51,137,6659,2018,11,17,토
2018-11-18,O,구름 많음,4023,111.0,555,30,0,6404,2018,11,18,일
2018-11-19,X,구름 조금,544,14.0,26,15,73,1383,2018,11,19,월
2018-11-20,X,맑음,480,8.0,20,27,0,1427,2018,11,20,화
2018-11-21,X,눈/비,277,32.0,6,4,151,893,2018,11,21,수
2018-11-22,X,맑음,553,25.0,3673,29,3809,4964,2018,11,22,목
2018-11-23,X,맑음,396,37.0,33,21,0,1208,2018,11,23,금
2018-11-24,O,구름 많음,625,14.0,61,20,0,1404,2018,11,24,토
2018-11-25,O,구름 조금,1996,70.0,252,50,67,3699,2018,11,25,일
2018-11-26,X,맑음,411,12.0,16,23,0,1169,2018,11,26,월
2018-11-27,X,구름 많음,223,65.0,9,8,33,923,2018,11,27,화
2018-11-28,X,구름 조금,206,23.0,12,2,32,895,2018,11,28,수
2018-11-29,X,구름 많음,7646,18.0,41,16,7527,8472,2018,11,29,목
2018-11-30,X,구름 조금,311,42.0,45,30,30,987,2018,11,30,금
2018-12-01,O,맑음,2106,35.0,299,46,28,4005,2018,12,1,토
2018-12-02,O,흐림,1851,80.0,290,26,0,3381,2018,12,2,일
2018-12-03,X,흐림,44,10.0,1,0,0,356,2018,12,3,월
2018-12-04,X,구름 많음,116,23.0,5,4,0,610,2018,12,4,화
2018-12-05,X,구름 많음,150,7.0,56,19,43,815,2018,12,5,수
2018-12-06,X,구름 많음,161,18.0,6,0,0,878,2018,12,6,목
2018-12-07,X,구름 조금,81,29.0,20,18,0,440,2018,12,7,금
2018-12-08,O,구름 조금,200,14.0,109,13,79,807,2018,12,8,토
2018-12-09,O,구름 조금,227,18.0,18,10,0,808,2018,12,9,일
2018-12-10,X,맑음,102,17.0,6,9,0,553,2018,12,10,월
2018-12-11,X,흐림,64,248.0,14,0,0,997,2018,12,11,화
2018-12-12,X,맑음,959,156.0,437,6,121,2089,2018,12,12,수
2018-12-13,X,구름 조금,82,373.0,9,5,359,854,2018,12,13,목
2018-12-14,X,맑음,80,12.0,4,7,0,456,2018,12,14,금
2018-12-15,O,구름 조금,465,66.0,63,22,0,1381,2018,12,15,토
2018-12-16,O,흐림,359,18.0,52,14,0,1134,2018,12,16,일
2018-12-17,X,맑음,148,4.0,7,15,0,656,2018,12,17,월
2018-12-18,X,구름 조금,143,24.0,10,22,0,861,2018,12,18,화
2018-12-19,X,구름 조금,173,29.0,5,0,36,809,2018,12,19,수
2018-12-20,X,구름 조금,202,55.0,12,13,0,876,2018,12,20,목
2018-12-21,X,구름 많음,162,932.0,8,1,0,1630,2018,12,21,금
2018-12-22,O,구름 조금,816,80.0,76,23,41,1982,2018,12,22,토
2018-12-23,O,맑음,1422,52.0,164,41,32,2948,2018,12,23,일
2018-12-24,X,맑음,451,18.0,30,19,0,982,2018,12,24,월
2018-12-25,O,흐림,1427,165.0,117,28,0,2402,2018,12,25,화
2018-12-26,X,구름 조금,223,10.0,17,23,0,752,2018,12,26,수
2018-12-27,X,맑음,2960,33.0,505,10,3422,3943,2018,12,27,목
2018-12-28,X,맑음,59,7.0,4,14,0,357,2018,12,28,금
2018-12-29,O,맑음,198,13.0,27,27,0,734,2018,12,29,토
2018-12-30,O,맑음,371,21.0,57,37,0,915,2018,12,30,일
2018-12-31,X,맑음,343,22.0,25,17,0,834,2018,12,31,월
2019-01-01,X,구름 조금,776,48.0,95,54,0,1524,2019,1,1,화
2019-01-02,X,맑음,147,14.0,14,11,0,634,2019,1,2,수
2019-01-03,X,맑음,153,8.0,21,16,0,777,2019,1,3,목
2019-01-04,X,구름 많음,144,14.0,23,3,0,690,2019,1,4,금
2019-01-05,O,463,621,32.0,87,16,0,1601,2019,1,5,토
2019-01-06,O,463,842,34.0,137,17,0,2057,2019,1,6,일
2019-01-07,X,463,158,8.0,47,26,0,773,2019,1,7,월
2019-01-08,X,463,125,12.0,15,5,0,804,2019,1,8,화
2019-01-09,X,구름 많음,82,10.0,8,7,0,529,2019,1,9,수
2019-01-10,X,구름 많음,159,19.0,25,16,31,839,2019,1,10,목
2019-01-11,X,463,198,26.0,24,29,0,814,2019,1,11,금
2019-01-12,O,맑음,713,42.0,84,5,30,1855,2019,1,12,토
2019-01-13,O,463,763,31.0,93,56,30,1680,2019,1,13,일
2019-01-14,X,463,93,11.0,8,5,0,433,2019,1,14,월
2019-01-15,X,463,94,11.0,14,5,0,493,2019,1,15,화
2019-01-16,X,맑음,141,11.0,17,12,0,674,2019,1,16,수
2019-01-17,X,맑음,366,18.0,160,9,301,1220,2019,1,17,목
2019-01-18,X,맑음,180,20.0,38,6,0,810,2019,1,18,금
2019-01-19,O,흐림,737,36.0,113,21,0,1738,2019,1,19,토
2019-01-20,O,맑음,970,28.0,141,14,0,2064,2019,1,20,일
2019-01-21,X,구름 조금,147,24.0,43,6,0,731,2019,1,21,월
2019-01-22,X,구름 조금,257,17.0,26,4,38,988,2019,1,22,화
2019-01-23,X,맑음,172,11.0,30,11,0,756,2019,1,23,수
2019-01-24,X,구름 조금,231,12.0,47,4,0,1010,2019,1,24,목
2019-01-25,X,463,198,25.0,33,16,0,882,2019,1,25,금
2019-01-26,O,463,736,35.0,114,11,73,2023,2019,1,26,토
2019-01-27,O,463,1197,42.0,161,32,0,2391,2019,1,27,일
2019-01-28,X,463,191,12.0,20,7,0,703,2019,1,28,월
2019-01-29,X,구름 조금,267,20.0,26,22,0,938,2019,1,29,화
2019-01-30,X,구름 많음,173,24.0,18,10,0,716,2019,1,30,수
2019-01-31,X,구름 많음,888,29.0,172,11,934,1624,2019,1,31,목
2019-02-01,X,맑음,137,15.0,16,15,0,626,2019,2,1,금
2019-02-02,O,구름 많음,678,24.0,78,30,32,1630,2019,2,2,토
2019-02-03,O,눈/비,129,6.0,13,1,30,405,2019,2,3,일
2019-02-04,O,463,1631,59.0,193,78,0,2550,2019,2,4,월
2019-02-05,O,463,2619,101.0,344,200,30,3855,2019,2,5,화
2019-02-06,O,463,2057,98.0,298,83,0,4046,2019,2,6,수
2019-02-07,X,구름 조금,338,13.0,82,9,0,996,2019,2,7,목
2019-02-08,X,463,143,203.0,49,11,192,771,2019,2,8,금
2019-02-09,O,맑음,745,40.0,125,21,63,1771,2019,2,9,토
2019-02-10,O,구름 많음,702,54.0,93,44,0,1652,2019,2,10,일
2019-02-11,X,맑음,183,18.0,30,9,0,732,2019,2,11,월
2019-02-12,X,구름 조금,221,23.0,26,30,0,1041,2019,2,12,화
2019-02-13,X,맑음,199,22.0,33,12,0,917,2019,2,13,수
2019-02-14,X,구름 많음,448,33.0,225,27,0,1290,2019,2,14,목
2019-02-15,X,흐림,109,11.0,10,1,0,587,2019,2,15,금
2019-02-16,O,맑음,810,47.0,130,22,0,1889,2019,2,16,토
2019-02-17,O,맑음,1507,44.0,237,50,0,2834,2019,2,17,일
2019-02-18,X,463,394,42.0,84,34,0,1084,2019,2,18,월
2019-02-19,X,463,80,10.0,16,6,0,514,2019,2,19,화
2019-02-20,X,463,194,27.0,29,9,0,832,2019,2,20,수
2019-02-21,X,맑음,288,33.0,53,10,0,998,2019,2,21,목
2019-02-22,X,구름 많음,302,35.0,36,9,0,1005,2019,2,22,금
2019-02-23,O,맑음,2259,88.0,291,26,2,4086,2019,2,23,토
2019-02-24,O,463,4393,165.0,703,118,0,7466,2019,2,24,일
2019-02-25,X,463,580,46.0,124,29,35,1428,2019,2,25,월
2019-02-26,X,463,1002,67.0,204,14,0,2285,2019,2,26,화
2019-02-27,X,구름 많음,1283,63.0,370,23,529,2595,2019,2,27,수
2019-02-28,X,구름 조금,919,81.0,210,2,0,2135,2019,2,28,목
2019-03-01,O,463,3868,206.0,656,23,107,6264,2019,3,1,금
2019-03-02,O,463,3358,156.0,550,56,0,5491,2019,3,2,토
2019-03-03,O,463,2703,135.0,322,21,0,4393,2019,3,3,일
2019-03-04,X,463,338,9.0,9,2,0,822,2019,3,4,월
2019-03-05,X,구름 많음,208,2.0,3,16,0,649,2019,3,5,화
2019-03-06,X,구름 많음,127,0.0,3,2,0,513,2019,3,6,수
2019-03-07,X,463,505,4.0,7,4,0,1196,2019,3,7,목
2019-03-08,X,463,764,2.0,26,18,0,1622,2019,3,8,금
2019-03-09,O,463,11023,157.0,1422,52,74,17833,2019,3,9,토
2019-03-10,O,463,5512,86.0,789,42,0,9254,2019,3,10,일
2019-03-11,X,463,399,8.0,13,10,0,1025,2019,3,11,월
2019-03-12,X,463,462,0.0,279,13,603,1326,2019,3,12,화
2019-03-13,X,463,347,5.0,9,1,33,1064,2019,3,13,수
2019-03-14,X,463,469,2.0,21,21,0,1351,2019,3,14,목
2019-03-15,X,눈/비,296,1.0,100,16,128,963,2019,3,15,금
2019-03-16,O,구름 많음,4774,81.0,790,68,98,8722,2019,3,16,토
2019-03-17,O,463,10313,199.0,1657,51,30,15718,2019,3,17,일
2019-03-18,X,463,1019,5.0,31,33,0,1945,2019,3,18,월
2019-03-19,X,463,939,4.0,30,3,31,2077,2019,3,19,화
2019-03-20,X,흐림,212,34.0,7,0,0,759,2019,3,20,수
2019-03-21,X,구름 많음,373,1.0,72,13,60,1144,2019,3,21,목
2019-03-22,X,맑음,634,11.0,23,36,0,1477,2019,3,22,금
2019-03-23,O,눈/비,1760,44.0,293,42,0,3562,2019,3,23,토
2019-03-24,O,맑음,8502,161.0,1376,74,35,12787,2019,3,24,일
2019-03-25,X,구름 많음,725,8.0,35,5,0,1538,2019,3,25,월
2019-03-26,X,구름 조금,739,13.0,39,31,0,1744,2019,3,26,화
2019-03-27,X,구름 많음,464,10.0,30,21,0,1117,2019,3,27,수
2019-03-28,X,구름 많음,687,46.0,28,35,108,1665,2019,3,28,목
2019-03-29,X,구름 조금,1447,120.0,77,14,188,2870,2019,3,29,금
2019-03-30,O,흐림,1326,44.0,169,29,115,2452,2019,3,30,토
2019-03-31,O,구름 조금,2563,111.0,387,53,0,4418,2019,3,31,일
